ISO,Country,Year,Total_NO2_molecules
AGO,Angola,2018,3.7085617585714086e+19
AGO,Angola,2019,3.7085617585714086e+19
AGO,Angola,2020,3.103829351572374e+19
AGO,Angola,2021,3.057835745176567e+19
AGO,Angola,2022,3.143433019385759e+19
AGO,Angola,2023,3.159771526493291e+19
AGO,Angola,2024,3.612767125272671e+19
AGO,Angola,2025,3.1472664191794323e+19
BDI,Burundi,2018,2.849424351373365e+19
BDI,Burundi,2019,2.849424351373365e+19
BDI,Burundi,2020,2.230913160276464e+19
BDI,Burundi,2021,2.474439102413603e+19
BDI,Burundi,2022,2.545038706266954e+19
BDI,Burundi,2023,2.685415339536441e+19
BDI,Burundi,2024,2.3571619245646737e+19
BDI,Burundi,2025,2.7230685038123655e+19
BEN,Benin,2018,4.279306646193861e+19
BEN,Benin,2019,4.279306646193861e+19
BEN,Benin,2020,4.536328564040482e+19
BEN,Benin,2021,4.7681142234802405e+19
BEN,Benin,2022,4.810124275643954e+19
BEN,Benin,2023,5.131863062330481e+19
BEN,Benin,2024,4.849648307488892e+19
BEN,Benin,2025,5.021986694485457e+19
BFA,Burkina Faso,2018,4.0093837192541635e+19
BFA,Burkina Faso,2019,4.0093837192541635e+19
BFA,Burkina Faso,2020,3.7286241231491604e+19
BFA,Burkina Faso,2021,4.070243032921296e+19
BFA,Burkina Faso,2022,3.8591131730187e+19
BFA,Burkina Faso,2023,4.309117157395453e+19
BFA,Burkina Faso,2024,4.092830449897972e+19
BFA,Burkina Faso,2025,4.542013228142516e+19
BWA,Botswana,2018,4.0562162451721945e+19
BWA,Botswana,2019,4.0562162451721945e+19
BWA,Botswana,2020,3.826837338825984e+19
BWA,Botswana,2021,3.5799646615437378e+19
BWA,Botswana,2022,3.707512564964785e+19
BWA,Botswana,2023,3.7214611275248976e+19
BWA,Botswana,2024,3.747494921686408e+19
BWA,Botswana,2025,3.614331057226635e+19
CAF,Central African Republic,2018,5.293881319561307e+19
CAF,Central African Republic,2019,5.293881319561307e+19
CAF,Central African Republic,2020,4.8209686221930684e+19
CAF,Central African Republic,2021,4.8430050312132534e+19
CAF,Central African Republic,2022,5.264195992038297e+19
CAF,Central African Republic,2023,4.75277065949005e+19
CAF,Central African Republic,2024,5.3381946097587044e+19
CAF,Central African Republic,2025,5.44424457706595e+19
CIV,Cote d'Ivoire,2018,3.901316398351625e+19
CIV,Cote d'Ivoire,2019,3.901316398351625e+19
CIV,Cote d'Ivoire,2020,3.514758344298838e+19
CIV,Cote d'Ivoire,2021,3.765294150883121e+19
CIV,Cote d'Ivoire,2022,3.850620121506487e+19
CIV,Cote d'Ivoire,2023,4.12313596782341e+19
CIV,Cote d'Ivoire,2024,4.031469729074364e+19
CIV,Cote d'Ivoire,2025,4.081881131190162e+19
CMR,Cameroon,2018,4.750957413040188e+19
CMR,Cameroon,2019,4.750957413040188e+19
CMR,Cameroon,2020,4.414306057785491e+19
CMR,Cameroon,2021,4.697680846278801e+19
CMR,Cameroon,2022,4.798964668791248e+19
CMR,Cameroon,2023,4.8735266234063905e+19
CMR,Cameroon,2024,4.716274499088972e+19
CMR,Cameroon,2025,5.249187347782013e+19
COD,DR Congo,2018,6.479739846062477e+19
COD,DR Congo,2019,6.479739846062477e+19
COD,DR Congo,2020,5.3292663849584026e+19
COD,DR Congo,2021,5.8936875007358345e+19
COD,DR Congo,2022,6.02367058301506e+19
COD,DR Congo,2023,6.014663046439317e+19
COD,DR Congo,2024,6.328452723065928e+19
COD,DR Congo,2025,6.244020283882306e+19
COG,Congo Republic,2018,4.660123958962967e+19
COG,Congo Republic,2019,4.660123958962967e+19
COG,Congo Republic,2020,3.605757116044245e+19
COG,Congo Republic,2021,4.110870170521261e+19
COG,Congo Republic,2022,4.3336351851390484e+19
COG,Congo Republic,2023,4.033713305255117e+19
COG,Congo Republic,2024,4.506291593557623e+19
COG,Congo Republic,2025,4.119434127109949e+19
COM,Comoros,2018,3.469402052538431e+18
COM,Comoros,2019,3.469402052538431e+18
COM,Comoros,2020,3.1840017841344655e+18
COM,Comoros,2021,3.141301330705967e+18
COM,Comoros,2022,3.126711108929632e+18
COM,Comoros,2023,3.131213059287247e+18
COM,Comoros,2024,3.204558913066988e+18
COM,Comoros,2025,3.046064187528218e+18
ERI,Eritrea,2018,4.916290597455908e+18
ERI,Eritrea,2019,4.916290597455908e+18
ERI,Eritrea,2020,4.569610062817914e+18
ERI,Eritrea,2021,5.062506320082219e+18
ERI,Eritrea,2022,4.714201224613182e+18
ERI,Eritrea,2023,5.068107723781831e+18
ERI,Eritrea,2024,4.891933157768382e+18
ERI,Eritrea,2025,5.096143900152013e+18
ETH,Ethiopia,2018,2.489146349730277e+19
ETH,Ethiopia,2019,2.489146349730277e+19
ETH,Ethiopia,2020,2.6419903731265384e+19
ETH,Ethiopia,2021,2.8685974143128416e+19
ETH,Ethiopia,2022,2.6922686717973553e+19
ETH,Ethiopia,2023,2.6718406802894017e+19
ETH,Ethiopia,2024,2.893901583282269e+19
ETH,Ethiopia,2025,3.112971741881536e+19
GAB,Gabon,2018,2.8819166714340635e+19
GAB,Gabon,2019,2.8819166714340635e+19
GAB,Gabon,2020,2.402298415249956e+19
GAB,Gabon,2021,2.759661583136011e+19
GAB,Gabon,2022,2.9487179586285724e+19
GAB,Gabon,2023,2.7474588422708564e+19
GAB,Gabon,2024,2.9566882836112273e+19
GAB,Gabon,2025,2.981287299976119e+19
GHA,Ghana,2018,4.687691808695106e+19
GHA,Ghana,2019,4.687691808695106e+19
GHA,Ghana,2020,4.584632360834146e+19
GHA,Ghana,2021,4.694579230959313e+19
GHA,Ghana,2022,4.933417913454687e+19
GHA,Ghana,2023,5.1637543658232185e+19
GHA,Ghana,2024,4.976278530858371e+19
GHA,Ghana,2025,5.2960617697163035e+19
GIN,Guinea,2018,1.4020716414527148e+19
GIN,Guinea,2019,1.4020716414527148e+19
GIN,Guinea,2020,1.4751787519565412e+19
GIN,Guinea,2021,1.4815147202092874e+19
GIN,Guinea,2022,1.5284858737616685e+19
GIN,Guinea,2023,1.728359249054898e+19
GIN,Guinea,2024,1.6540217173737802e+19
GIN,Guinea,2025,1.7058619091195816e+19
GMB,Gambia,2018,6.925700832455245e+18
GMB,Gambia,2019,6.925700832455245e+18
GMB,Gambia,2020,7.371220740034612e+18
GMB,Gambia,2021,7.640240683946955e+18
GMB,Gambia,2022,7.598739360756111e+18
GMB,Gambia,2023,8.493652137595861e+18
GMB,Gambia,2024,7.974278752817869e+18
GMB,Gambia,2025,7.306126815811714e+18
GNB,Guinea-Bissau,2018,6.157145950651542e+18
GNB,Guinea-Bissau,2019,6.157145950651542e+18
GNB,Guinea-Bissau,2020,6.555134998956906e+18
GNB,Guinea-Bissau,2021,6.677527666423593e+18
GNB,Guinea-Bissau,2022,6.685910016785474e+18
GNB,Guinea-Bissau,2023,7.513795816007178e+18
GNB,Guinea-Bissau,2024,6.974464945618274e+18
GNB,Guinea-Bissau,2025,6.502812087782729e+18
GNQ,Equatorial Guinea,2018,7.792809522960133e+18
GNQ,Equatorial Guinea,2019,7.792809522960133e+18
GNQ,Equatorial Guinea,2020,6.584730413334137e+18
GNQ,Equatorial Guinea,2021,7.212429336151796e+18
GNQ,Equatorial Guinea,2022,7.471932402436382e+18
GNQ,Equatorial Guinea,2023,7.144424709930908e+18
GNQ,Equatorial Guinea,2024,7.278794552839471e+18
GNQ,Equatorial Guinea,2025,7.753122380638191e+18
KEN,Kenya,2018,2.5755592634267242e+19
KEN,Kenya,2019,2.5755592634267242e+19
KEN,Kenya,2020,2.1494959742526685e+19
KEN,Kenya,2021,2.442433329540358e+19
KEN,Kenya,2022,2.4789306428934926e+19
KEN,Kenya,2023,2.317311784578514e+19
KEN,Kenya,2024,1.9162743840328794e+19
KEN,Kenya,2025,2.44313684462702e+19
LBR,Liberia,2018,1.9856008067144274e+19
LBR,Liberia,2019,1.9856008067144274e+19
LBR,Liberia,2020,1.9426637143104406e+19
LBR,Liberia,2021,2.012514624579166e+19
LBR,Liberia,2022,2.0746532988200915e+19
LBR,Liberia,2023,2.304326838209722e+19
LBR,Liberia,2024,2.143031483391549e+19
LBR,Liberia,2025,2.269221097016723e+19
LSO,Lesotho,2018,5.407366802889522e+18
LSO,Lesotho,2019,5.407366802889522e+18
LSO,Lesotho,2020,5.524797687772046e+18
LSO,Lesotho,2021,4.843279728098403e+18
LSO,Lesotho,2022,5.367309912147491e+18
LSO,Lesotho,2023,5.181745369889734e+18
LSO,Lesotho,2024,4.933303892970976e+18
LSO,Lesotho,2025,5.088215322202422e+18
MDG,Madagascar,2018,2.7113815516325302e+19
MDG,Madagascar,2019,2.7113815516325302e+19
MDG,Madagascar,2020,2.2521178331485893e+19
MDG,Madagascar,2021,2.3025991534316347e+19
MDG,Madagascar,2022,2.3890126265007997e+19
MDG,Madagascar,2023,2.445025467182426e+19
MDG,Madagascar,2024,2.5268441712543994e+19
MDG,Madagascar,2025,2.522320584152618e+19
MLI,Mali,2018,1.3046011270446948e+19
MLI,Mali,2019,1.3046011270446948e+19
MLI,Mali,2020,1.2831970299708084e+19
MLI,Mali,2021,1.4208261983816382e+19
MLI,Mali,2022,1.3300545820986495e+19
MLI,Mali,2023,1.5280278696965517e+19
MLI,Mali,2024,1.426601660834624e+19
MLI,Mali,2025,1.4648086975431723e+19
MOZ,Mozambique,2018,3.4845297856765673e+19
MOZ,Mozambique,2019,3.4845297856765673e+19
MOZ,Mozambique,2020,2.506833368503809e+19
MOZ,Mozambique,2021,2.9654212001575666e+19
MOZ,Mozambique,2022,2.807841834546297e+19
MOZ,Mozambique,2023,2.925822497582212e+19
MOZ,Mozambique,2024,2.8848976682751095e+19
MOZ,Mozambique,2025,2.907094491708554e+19
MRT,Mauritania,2018,9.291548563667e+18
MRT,Mauritania,2019,9.291548563667e+18
MRT,Mauritania,2020,8.490593159197641e+18
MRT,Mauritania,2021,9.07987910575509e+18
MRT,Mauritania,2022,8.889607375728212e+18
MRT,Mauritania,2023,9.282351867335664e+18
MRT,Mauritania,2024,8.887192062054459e+18
MRT,Mauritania,2025,9.23127487303947e+18
MWI,Malawi,2018,2.7578405137238376e+19
MWI,Malawi,2019,2.7578405137238376e+19
MWI,Malawi,2020,2.0409613422813303e+19
MWI,Malawi,2021,2.138560343626702e+19
MWI,Malawi,2022,2.2639886807048233e+19
MWI,Malawi,2023,2.1580020128026354e+19
MWI,Malawi,2024,2.1740717420967125e+19
MWI,Malawi,2025,2.2018177332446753e+19
NAM,Namibia,2018,1.228880778399789e+19
NAM,Namibia,2019,1.228880778399789e+19
NAM,Namibia,2020,1.035649634667123e+19
NAM,Namibia,2021,1.0201979896898159e+19
NAM,Namibia,2022,1.0700899302339037e+19
NAM,Namibia,2023,1.059767314641094e+19
NAM,Namibia,2024,1.0940727895172194e+19
NAM,Namibia,2025,1.1911285746146701e+19
NER,Niger,2018,9.728167490178032e+18
NER,Niger,2019,9.728167490178032e+18
NER,Niger,2020,9.42333813508226e+18
NER,Niger,2021,1.0118459497479107e+19
NER,Niger,2022,9.989643747204927e+18
NER,Niger,2023,1.0817244021901984e+19
NER,Niger,2024,1.0244283910819643e+19
NER,Niger,2025,1.1109767245598171e+19
NGA,Nigeria,2018,6.579402498895658e+19
NGA,Nigeria,2019,6.579402498895658e+19
NGA,Nigeria,2020,6.8809484590028554e+19
NGA,Nigeria,2021,7.448868015425479e+19
NGA,Nigeria,2022,7.463373824627217e+19
NGA,Nigeria,2023,7.759286307828436e+19
NGA,Nigeria,2024,7.454355872605135e+19
NGA,Nigeria,2025,7.536411237383291e+19
RWA,Rwanda,2018,9.04077888579025e+18
RWA,Rwanda,2019,9.04077888579025e+18
RWA,Rwanda,2020,6.919079483500377e+18
RWA,Rwanda,2021,7.903314446540573e+18
RWA,Rwanda,2022,7.981014203278081e+18
RWA,Rwanda,2023,8.448174667043862e+18
RWA,Rwanda,2024,6.879256556561932e+18
RWA,Rwanda,2025,8.339128231238563e+18
SDN,Sudan,2018,4.131643692387199e+19
SDN,Sudan,2019,4.131643692387199e+19
SDN,Sudan,2020,3.857854561452355e+19
SDN,Sudan,2021,4.197041481056272e+19
SDN,Sudan,2022,3.9809821480849e+19
SDN,Sudan,2023,4.05723391748734e+19
SDN,Sudan,2024,3.579685524031035e+19
SDN,Sudan,2025,3.745848430660418e+19
SEN,Senegal,2018,1.5033294937884981e+19
SEN,Senegal,2019,1.5033294937884981e+19
SEN,Senegal,2020,1.4835439379088108e+19
SEN,Senegal,2021,1.527147910047635e+19
SEN,Senegal,2022,1.545345431633141e+19
SEN,Senegal,2023,1.7098734256787945e+19
SEN,Senegal,2024,1.6399926723103242e+19
SEN,Senegal,2025,1.5134799933137248e+19
SLE,Sierra Leone,2018,7.391487375781738e+18
SLE,Sierra Leone,2019,7.391487375781738e+18
SLE,Sierra Leone,2020,9.136098888504884e+18
SLE,Sierra Leone,2021,9.118558458837657e+18
SLE,Sierra Leone,2022,9.770925042747222e+18
SLE,Sierra Leone,2023,1.0952777574424097e+19
SLE,Sierra Leone,2024,1.0591854447736877e+19
SLE,Sierra Leone,2025,1.0904182027849402e+19
SOM,Somalia,2018,4.579719938600498e+18
SOM,Somalia,2019,4.579719938600498e+18
SOM,Somalia,2020,4.485034334520826e+18
SOM,Somalia,2021,4.617620076284029e+18
SOM,Somalia,2022,4.815243098452208e+18
SOM,Somalia,2023,4.560145041336926e+18
SOM,Somalia,2024,4.652751434125378e+18
SOM,Somalia,2025,5.133119078442932e+18
SSD,South Sudan,2018,1.3176759636930546e+19
SSD,South Sudan,2019,1.3176759636930546e+19
SSD,South Sudan,2020,1.0425668862001037e+19
SSD,South Sudan,2021,1.1974845693098762e+19
SSD,South Sudan,2022,9.77126577932139e+18
SSD,South Sudan,2023,1.17606147376026e+19
SSD,South Sudan,2024,1.181988464797361e+19
SSD,South Sudan,2025,1.2289925462960923e+19
STP,Sao Tome and Principe,2018,5.459100242251174e+18
STP,Sao Tome and Principe,2019,5.459100242251174e+18
STP,Sao Tome and Principe,2020,4.665194225515929e+18
STP,Sao Tome and Principe,2021,5.687281769350876e+18
STP,Sao Tome and Principe,2022,5.724837497774065e+18
STP,Sao Tome and Principe,2023,5.209175696767207e+18
STP,Sao Tome and Principe,2024,5.660705756004399e+18
STP,Sao Tome and Principe,2025,5.639103118585794e+18
TCD,Chad,2018,3.887753141275575e+19
TCD,Chad,2019,3.887753141275575e+19
TCD,Chad,2020,3.6624195469145264e+19
TCD,Chad,2021,3.765972583451663e+19
TCD,Chad,2022,3.5503366111159906e+19
TCD,Chad,2023,4.042971031039357e+19
TCD,Chad,2024,3.7927715294801035e+19
TCD,Chad,2025,4.093525699459941e+19
TGO,Togo,2018,1.051862281879776e+19
TGO,Togo,2019,1.051862281879776e+19
TGO,Togo,2020,1.014027647493511e+19
TGO,Togo,2021,1.065883306970918e+19
TGO,Togo,2022,1.098068117503379e+19
TGO,Togo,2023,1.1492127669014761e+19
TGO,Togo,2024,1.0606009162767714e+19
TGO,Togo,2025,1.1582825733420982e+19
TZA,Tanzania,2018,1.2693492260462234e+19
TZA,Tanzania,2019,1.2693492260462234e+19
TZA,Tanzania,2020,1.0800091233878512e+19
TZA,Tanzania,2021,1.1158262744845464e+19
TZA,Tanzania,2022,1.1751044558544044e+19
TZA,Tanzania,2023,1.1593979191232985e+19
TZA,Tanzania,2024,1.1027241551660739e+19
TZA,Tanzania,2025,1.2011491990825783e+19
UGA,Uganda,2018,1.0517632007695587e+19
UGA,Uganda,2019,1.0517632007695587e+19
UGA,Uganda,2020,9.813962573423774e+18
UGA,Uganda,2021,1.1510074577969676e+19
UGA,Uganda,2022,1.1099662050019504e+19
UGA,Uganda,2023,1.1163137541555554e+19
UGA,Uganda,2024,9.526173933533055e+18
UGA,Uganda,2025,1.2350825131108397e+19
ZAF,South Africa,2018,6.575240055427821e+19
ZAF,South Africa,2019,6.575240055427821e+19
ZAF,South Africa,2020,6.666863003358016e+19
ZAF,South Africa,2021,6.490616780495286e+19
ZAF,South Africa,2022,6.6815481540507754e+19
ZAF,South Africa,2023,6.175175616062295e+19
ZAF,South Africa,2024,6.297619855364794e+19
ZAF,South Africa,2025,6.5733363696499065e+19
ZMB,Zambia,2018,3.973793416115328e+19
ZMB,Zambia,2019,3.973793416115328e+19
ZMB,Zambia,2020,2.824626686865843e+19
ZMB,Zambia,2021,2.9324748248243417e+19
ZMB,Zambia,2022,3.2284647262557258e+19
ZMB,Zambia,2023,3.1846313466050396e+19
ZMB,Zambia,2024,3.149127037896868e+19
ZMB,Zambia,2025,3.376873026186368e+19
ZWE,Zimbabwe,2018,5.118300139575046e+19
ZWE,Zimbabwe,2019,5.118300139575046e+19
ZWE,Zimbabwe,2020,3.5131862692498457e+19
ZWE,Zimbabwe,2021,4.009092072063989e+19
ZWE,Zimbabwe,2022,4.48918936783263e+19
ZWE,Zimbabwe,2023,4.467489345656934e+19
ZWE,Zimbabwe,2024,4.222750361741143e+19
ZWE,Zimbabwe,2025,4.667914792731661e+19
