Year,ISO,Country_x,National_Urban_NO2_Sum,Country_y,GDP,log_GDP
2005,AGO,Angola,1.911940044389025e+29,Angola,54852422288.0144,24.72791218473473
2006,AGO,Angola,2.443586587736051e+29,Angola,61347946235.7733,24.83982753135348
2007,AGO,Angola,2.1047810769044068e+29,Angola,69324828859.446,24.96206895977512
2008,AGO,Angola,2.449202143803519e+29,Angola,76802645840.5628,25.06450492755561
2009,AGO,Angola,2.072073500725554e+29,Angola,78335311067.8479,25.0842643097784
2010,AGO,Angola,2.6427534636441278e+29,Angola,82482120582.925,25.13584738659286
2011,AGO,Angola,2.4455867246214e+29,Angola,85446420441.9715,25.17115535495733
2012,AGO,Angola,2.232823979610576e+29,Angola,92712034533.3955,25.252764123458757
2013,AGO,Angola,2.6591119573045533e+29,Angola,97239220009.2494,25.300439965066907
2014,AGO,Angola,2.279287360443497e+29,Angola,101766409287.849,25.34594591890865
2015,AGO,Angola,2.7339053597919413e+29,Angola,102543067840.732,25.353548721332395
2016,AGO,Angola,2.582803149818528e+29,Angola,100799291837.039,25.3363971671328
2017,AGO,Angola,2.3338296703891436e+29,Angola,100648701499.631,25.334902087802757
2018,AGO,Angola,2.1686680342678365e+29,Angola,100050434318.105,25.328940238977275
2019,AGO,Angola,2.397348322923932e+29,Angola,99845650843.2744,25.326891338957
2020,AGO,Angola,2.1980292060725188e+29,Angola,95809443080.1137,25.285627087839075
2021,AGO,Angola,2.0610639959852705e+29,Angola,97824078558.145,25.30643658571046
2022,AGO,Angola,2.277790513185282e+29,Angola,101948344238.666,25.347732092919504
2023,AGO,Angola,1.811002801812334e+29,Angola,103236265970.233,25.360286042702523
2024,AGO,Angola,2.1112242952883907e+29,Angola,107803341999.578,25.40357449679213
2025,AGO,Angola,1.7083197073985692e+29,,,
2005,BDI,Burundi,7.83203096308351e+28,Burundi,1903493481.08303,21.36695670908069
2006,BDI,Burundi,6.344432163857019e+28,Burundi,2006544947.16489,21.41968014820026
2007,BDI,Burundi,6.005168031320587e+28,Burundi,2075660260.38688,21.453545137791707
2008,BDI,Burundi,6.073058311063424e+28,Burundi,2177549065.459,21.501465799368876
2009,BDI,Burundi,6.913726801498852e+28,Burundi,2260014499.81439,21.5386370660571
2010,BDI,Burundi,7.990634617373267e+28,Burundi,2375133693.99181,21.58831956505575
2011,BDI,Burundi,6.864051032032971e+28,Burundi,2470719237.95292,21.6277751346535
2012,BDI,Burundi,7.988219183446504e+28,Burundi,2579999920.33893,21.671055205003555
2013,BDI,Burundi,6.383774157396061e+28,Burundi,2707037177.57679,21.719120581350836
2014,BDI,Burundi,6.163250957015741e+28,Burundi,2821948416.12645,21.760693411020192
2015,BDI,Burundi,7.381741989742137e+28,Burundi,2810532912.49975,21.75663995088747
2016,BDI,Burundi,6.177329580478565e+28,Burundi,2900474875.87058,21.788140310833423
2017,BDI,Burundi,6.491334457581942e+28,Burundi,3011616941.94606,21.825742961487595
2018,BDI,Burundi,7.506086935931851e+28,Burundi,3172504889.35261,21.87778729871873
2019,BDI,Burundi,6.851972850197905e+28,Burundi,3313977733.08389,21.921415036882912
2020,BDI,Burundi,6.6355468005588295e+28,Burundi,3324133212.69452,21.92447478915781
2021,BDI,Burundi,6.147329974636462e+28,Burundi,3431737891.18244,21.956332643622545
2022,BDI,Burundi,6.002668903175407e+28,Burundi,3511275322.23022,21.979245148099043
2023,BDI,Burundi,3.6980720963710825e+28,Burundi,3625559222.01905,22.01127438149813
2024,BDI,Burundi,3.3474851842484626e+28,Burundi,3774652142.65546,22.05157406776061
2025,BDI,Burundi,4.84900368731283e+28,,,
2005,BEN,Benin,1.4345153451245154e+29,Benin,7532259620.47862,22.742460916143376
2006,BEN,Benin,1.1999606334452143e+29,Benin,7829312267.7691,22.7811405101119
2007,BEN,Benin,1.254432175231448e+29,Benin,8298002249.61043,22.839280629959777
2008,BEN,Benin,1.342053820146749e+29,Benin,8704320326.21926,22.88708532856793
2009,BEN,Benin,1.2228770705029952e+29,Benin,8906198943.30981,22.9100133817179
2010,BEN,Benin,1.0341141460719682e+29,Benin,9094481753.64081,22.930933665835138
2011,BEN,Benin,1.199176121379949e+29,Benin,9364019722.08608,22.960140492733267
2012,BEN,Benin,1.192170814983536e+29,Benin,9814543622.24071,23.00713116560505
2013,BEN,Benin,1.2194586817225309e+29,Benin,10520350021.8969,23.076577315745904
2014,BEN,Benin,1.0173355409633197e+29,Benin,11189200116.267,23.13821487470161
2015,BEN,Benin,1.2576448765540452e+29,Benin,11388160996.7738,23.155840143667767
2016,BEN,Benin,1.208151486483561e+29,Benin,11768488383.3269,23.188691320346923
2017,BEN,Benin,1.070297159573642e+29,Benin,12435945492.7429,23.243856946111677
2018,BEN,Benin,1.1608251948060352e+29,Benin,13268812302.6618,23.30868217884801
2019,BEN,Benin,9.924283668314057e+28,Benin,14179807374.6843,23.37508477366224
2020,BEN,Benin,9.688111325793516e+28,Benin,14725558723.2985,23.412850509621496
2021,BEN,Benin,1.040367512912431e+29,Benin,15779238957.3117,23.481960922893872
2022,BEN,Benin,1.0490821063804962e+29,Benin,16765906414.7949,23.542613281301985
2023,BEN,Benin,9.39316471302149e+28,Benin,17831007125.9788,23.604204752138127
2024,BEN,Benin,9.436643007705595e+28,Benin,19159972710.8241,23.67608918520962
2025,BEN,Benin,8.83883691899082e+28,,,
2005,BFA,Burkina Faso,1.5160738669433107e+29,Burkina Faso,6954815456.4763,22.66270012803396
2006,BFA,Burkina Faso,1.4987502113429514e+29,Burkina Faso,7389711520.7284,22.723354534707287
2007,BFA,Burkina Faso,1.4665548116218725e+29,Burkina Faso,7693530569.65392,22.763645626892934
2008,BFA,Burkina Faso,1.3958395740339293e+29,Burkina Faso,8139754707.2893,22.82002588226717
2009,BFA,Burkina Faso,1.5662696153670737e+29,Burkina Faso,8380850241.73524,22.849215207121198
2010,BFA,Burkina Faso,1.5129113917692789e+29,Burkina Faso,9088720451.70527,22.930299970838703
2011,BFA,Burkina Faso,1.5612909651789664e+29,Burkina Faso,9690626654.34607,22.99442493096921
2012,BFA,Burkina Faso,1.4979730957703052e+29,Burkina Faso,10315931043.8746,23.056955240557222
2013,BFA,Burkina Faso,1.5577401508550113e+29,Burkina Faso,10913490102.1529,23.1132654850069
2014,BFA,Burkina Faso,1.6505724931552707e+29,Burkina Faso,11385699970.03,23.155624016349087
2015,BFA,Burkina Faso,1.5831258962081422e+29,Burkina Faso,11832159315.6298,23.19408702707408
2016,BFA,Burkina Faso,1.7201810188247732e+29,Burkina Faso,12537116611.6541,23.251959410437227
2017,BFA,Burkina Faso,1.658456714107659e+29,Burkina Faso,13314855313.1302,23.31214618969665
2018,BFA,Burkina Faso,1.6367266687381284e+29,Burkina Faso,14194244128.6065,23.37610237632404
2019,BFA,Burkina Faso,1.512313035152246e+29,Burkina Faso,15030172259.3791,23.433325501682152
2020,BFA,Burkina Faso,1.559055863235378e+29,Burkina Faso,15332394848.5201,23.453233737362964
2021,BFA,Burkina Faso,1.6436225214161066e+29,Burkina Faso,16396850182.5889,23.520355091293027
2022,BFA,Burkina Faso,1.5680950137121848e+29,Burkina Faso,16663583086.9504,23.536491521806123
2023,BFA,Burkina Faso,1.690741209626792e+29,Burkina Faso,17163536264.1285,23.56605298577365
2024,BFA,Burkina Faso,1.469708056569325e+29,Burkina Faso,17987353311.1315,23.612934754081834
2025,BFA,Burkina Faso,1.681978766239085e+29,,,
2005,BWA,Botswana,8.713381291110706e+28,Botswana,10145481816.2871,23.040294302076926
2006,BWA,Botswana,7.719886472151469e+28,Botswana,10994036837.1472,23.120618857038465
2007,BWA,Botswana,8.098285840887648e+28,Botswana,11630872553.1126,23.17692882672566
2008,BWA,Botswana,8.91579179314752e+28,Botswana,12009117014.1882,23.20893194945193
2009,BWA,Botswana,7.517711227700787e+28,Botswana,10310519328.3503,23.056430505030672
2010,BWA,Botswana,9.830037108642618e+28,Botswana,11353915357.5123,23.15282848680652
2011,BWA,Botswana,9.182061367274716e+28,Botswana,12130342700.3127,23.218975811796167
2012,BWA,Botswana,9.0581307858094e+28,Botswana,12109617148.6354,23.21726577953069
2013,BWA,Botswana,8.680481850109657e+28,Botswana,13454136663.42,23.32255245432639
2014,BWA,Botswana,9.598634977203344e+28,Botswana,14220638232.789,23.37796014307021
2015,BWA,Botswana,8.614455522702012e+28,Botswana,13530748844.505,23.32823062456759
2016,BWA,Botswana,9.048429717312284e+28,Botswana,14505561464.3559,23.397797962102647
2017,BWA,Botswana,9.204277362081418e+28,Botswana,15102375175.8986,23.438117864814632
2018,BWA,Botswana,8.261796837235531e+28,Botswana,15734967212.8207,23.47915128375045
2019,BWA,Botswana,8.252458973770702e+28,Botswana,16212015762.4196,23.509018517980667
2020,BWA,Botswana,9.391726908842144e+28,Botswana,14796887965.3696,23.41768272299593
2021,BWA,Botswana,8.926419689377525e+28,Botswana,16560125447.6096,23.530263561213577
2022,BWA,Botswana,7.62052307378785e+28,Botswana,17468616755.5627,23.583671779684156
2023,BWA,Botswana,8.709684630783534e+28,Botswana,18029021881.095,23.615248623166785
2024,BWA,Botswana,7.365980605880112e+28,Botswana,17489977781.8862,23.584893855643703
2025,BWA,Botswana,7.766129886864717e+28,,,
2005,CAF,Central African Republic,4.781934892480544e+28,Central African Republic,1835473623.16461,21.330568390416328
2006,CAF,Central African Republic,5.384423223394334e+28,Central African Republic,1923045637.77901,21.37717603586583
2007,CAF,Central African Republic,4.646868571173404e+28,Central African Republic,2011650635.80801,21.422221433852226
2008,CAF,Central African Republic,5.590951598515447e+28,Central African Republic,2052972574.3655,21.44255461608516
2009,CAF,Central African Republic,4.637374343002399e+28,Central African Republic,2229266675.80904,21.524938523408405
2010,CAF,Central African Republic,4.5483759560297205e+28,Central African Republic,2332499967.93604,21.57020647693917
2011,CAF,Central African Republic,5.199089191984164e+28,Central African Republic,2430339369.3364,21.611296742710703
2012,CAF,Central African Republic,5.31242962776453e+28,Central African Republic,2553162918.71416,21.6605987877855
2013,CAF,Central African Republic,4.725559102309216e+28,Central African Republic,1624016454.05115,21.208168210439467
2014,CAF,Central African Republic,4.39510066940849e+28,Central African Republic,1625333052.55944,21.208978587148813
2015,CAF,Central African Republic,5.140838417051702e+28,Central African Republic,1695825714.19282,21.25143560617765
2016,CAF,Central African Republic,4.942504944212322e+28,Central African Republic,1776382808.69192,21.29784500372445
2017,CAF,Central African Republic,4.599758203382489e+28,Central African Republic,1856804600.57752,21.342122890612902
2018,CAF,Central African Republic,5.648978302844019e+28,Central African Republic,1927167163.54408,21.37931697069309
2019,CAF,Central African Republic,4.9114751446102e+28,Central African Republic,1986909345.61394,21.409846175727907
2020,CAF,Central African Republic,4.448153479125115e+28,Central African Republic,2004791529.66202,21.418805917068237
2021,CAF,Central African Republic,4.228498779035644e+28,Central African Republic,2024497026.49048,21.42858712467299
2022,CAF,Central African Republic,4.751894998018637e+28,Central African Republic,2033686256.48235,21.433115873158066
2023,CAF,Central African Republic,3.410488194674599e+28,Central African Republic,2047921417.64834,21.44009117309862
2024,CAF,Central African Republic,4.314905126939943e+28,Central African Republic,2078640238.88184,21.454979785577347
2025,CAF,Central African Republic,4.098911315729208e+28,,,
2005,CIV,Cote d'Ivoire,1.9533506664269705e+29,Cote d'Ivoire,28732677632.1669,24.081300905461354
2006,CIV,Cote d'Ivoire,1.6386560863322826e+29,Cote d'Ivoire,29541668752.6369,24.109067603741718
2007,CIV,Cote d'Ivoire,1.702896806447305e+29,Cote d'Ivoire,29867049486.2231,24.12002168579612
2008,CIV,Cote d'Ivoire,1.7863492605901707e+29,Cote d'Ivoire,31295490700.8623,24.16673985704876
2009,CIV,Cote d'Ivoire,1.5391535200382689e+29,Cote d'Ivoire,32423167866.6818,24.20213906182644
2010,CIV,Cote d'Ivoire,1.477581397167681e+29,Cote d'Ivoire,34643522418.9356,24.26837660192981
2011,CIV,Cote d'Ivoire,1.6249991400063187e+29,Cote d'Ivoire,32783010325.3471,24.213176240253866
2012,CIV,Cote d'Ivoire,1.6225291057380163e+29,Cote d'Ivoire,35281210700.9425,24.286616384416327
2013,CIV,Cote d'Ivoire,1.702127744968594e+29,Cote d'Ivoire,39077544167.6054,24.38881382098994
2014,CIV,Cote d'Ivoire,1.4370662484128468e+29,Cote d'Ivoire,42739891584.4862,24.478398550205423
2015,CIV,Cote d'Ivoire,1.709570651427771e+29,Cote d'Ivoire,45815005169.2651,24.54787749819268
2016,CIV,Cote d'Ivoire,1.670479561436085e+29,Cote d'Ivoire,49101205368.91,24.61714942071053
2017,CIV,Cote d'Ivoire,1.5296297642878634e+29,Cote d'Ivoire,52739979047.0655,24.68863962058413
2018,CIV,Cote d'Ivoire,1.5838478781701067e+29,Cote d'Ivoire,55294253263.7438,24.73593482079341
2019,CIV,Cote d'Ivoire,1.4709157120443126e+29,Cote d'Ivoire,59010785540.9857,24.80098606992461
2020,CIV,Cote d'Ivoire,1.483081690797081e+29,Cote d'Ivoire,59423700880.6615,24.807958988458733
2021,CIV,Cote d'Ivoire,1.4971291263998862e+29,Cote d'Ivoire,63620992438.4818,24.876209322618887
2022,CIV,Cote d'Ivoire,1.4572063676263625e+29,Cote d'Ivoire,67692661917.0177,24.93824361980847
2023,CIV,Cote d'Ivoire,1.4127223900033327e+29,Cote d'Ivoire,72160377909.6739,25.00215694979452
2024,CIV,Cote d'Ivoire,1.4658959014799777e+29,Cote d'Ivoire,76504096839.437,25.06061012980166
2025,CIV,Cote d'Ivoire,1.4532541158272296e+29,,,
2005,CMR,Cameroon,2.406140568620533e+29,Cameroon,21594980960.2444,23.795726761684428
2006,CMR,Cameroon,2.2167075627781085e+29,Cameroon,22417659743.2882,23.83311486659483
2007,CMR,Cameroon,2.3280381018976544e+29,Cameroon,23387803922.5771,23.875480523548323
2008,CMR,Cameroon,2.2038446878830465e+29,Cameroon,24053813243.6522,23.903559375759308
2009,CMR,Cameroon,2.040995303686636e+29,Cameroon,24674221649.2686,23.92902487766584
2010,CMR,Cameroon,2.3268969939319475e+29,Cameroon,25389533434.6495,23.957602856544945
2011,CMR,Cameroon,2.2842626872057555e+29,Cameroon,26247499413.6974,23.990836561015907
2012,CMR,Cameroon,2.4727318149927883e+29,Cameroon,27461703151.6573,24.036058258365703
2013,CMR,Cameroon,2.253485683041796e+29,Cameroon,28833560540.7901,24.08480584221249
2014,CMR,Cameroon,2.1744965936505888e+29,Cameroon,30482787768.4783,24.14042802580286
2015,CMR,Cameroon,2.318359193964342e+29,Cameroon,32210233020.4569,24.195550034676792
2016,CMR,Cameroon,2.4105801246254884e+29,Cameroon,33671222913.4548,24.239909390025748
2017,CMR,Cameroon,2.1834657442634893e+29,Cameroon,34863580363.1151,24.27470857868096
2018,CMR,Cameroon,2.34246362738772e+29,Cameroon,36242614248.5756,24.31350145262141
2019,CMR,Cameroon,2.185178252253007e+29,Cameroon,37502066832.7403,24.34766188394371
2020,CMR,Cameroon,2.267694175226432e+29,Cameroon,37599547048.5841,24.35025784068949
2021,CMR,Cameroon,2.37018564625132e+29,Cameroon,38854942334.5769,24.38310112148805
2022,CMR,Cameroon,2.170243754873161e+29,Cameroon,40306867605.1364,24.41978770341869
2023,CMR,Cameroon,2.0880247584078493e+29,Cameroon,41656165354.262,24.45271522231761
2024,CMR,Cameroon,1.8628962653590877e+29,Cameroon,43124429828.9643,24.487355490853183
2025,CMR,Cameroon,2.093424186066423e+29,,,
2005,COD,DR Congo,6.073120070441258e+29,"Congo, Dem. Rep.",20671920925.7908,23.75204213935502
2006,COD,DR Congo,7.12569586617522e+29,"Congo, Dem. Rep.",21728037858.2133,23.801869330691083
2007,COD,DR Congo,5.924181824623448e+29,"Congo, Dem. Rep.",23581424221.9288,23.883725129804542
2008,COD,DR Congo,6.605779201850432e+29,"Congo, Dem. Rep.",25326856010.815,23.955131172088343
2009,COD,DR Congo,6.385869073185258e+29,"Congo, Dem. Rep.",25470074710.6773,23.96077005921488
2010,COD,DR Congo,7.121141627086623e+29,"Congo, Dem. Rep.",27467694662.4827,24.03627641152549
2011,COD,DR Congo,6.712158011624633e+29,"Congo, Dem. Rep.",29553403849.2894,24.109464763649974
2012,COD,DR Congo,7.085310230014267e+29,"Congo, Dem. Rep.",32115268325.5231,24.192597402767557
2013,COD,DR Congo,6.826897799360358e+29,"Congo, Dem. Rep.",35206198726.088,24.2844880042196
2014,COD,DR Congo,6.222621502107265e+29,"Congo, Dem. Rep.",37777053057.3322,24.354967693259887
2015,COD,DR Congo,6.839099929478066e+29,"Congo, Dem. Rep.",40179574490.3032,24.41662460619009
2016,COD,DR Congo,6.234635660245235e+29,"Congo, Dem. Rep.",40337814832.805,24.42055519925976
2017,COD,DR Congo,6.307523760705119e+29,"Congo, Dem. Rep.",42048626459.9632,24.46209255838391
2018,COD,DR Congo,6.797773768593051e+29,"Congo, Dem. Rep.",44601688163.9569,24.521037546465887
2019,COD,DR Congo,6.422198156163785e+29,"Congo, Dem. Rep.",44849398935.1374,24.52657602369224
2020,COD,DR Congo,6.6934220556301e+29,"Congo, Dem. Rep.",45197173728.8833,24.534300393707586
2021,COD,DR Congo,6.354405059006408e+29,"Congo, Dem. Rep.",48103175756.1974,24.596614035916005
2022,COD,DR Congo,7.218422634890461e+29,"Congo, Dem. Rep.",52582143957.1902,24.68564243056312
2023,COD,DR Congo,5.8206492313230455e+29,"Congo, Dem. Rep.",57069235865.1432,24.76753103197387
2024,COD,DR Congo,5.7656524396081455e+29,"Congo, Dem. Rep.",60565728422.4726,24.826995032462023
2025,COD,DR Congo,5.787416682018643e+29,,,
2005,COG,Congo Republic,2.272377113169357e+29,"Congo, Rep.",7910417276.44806,22.79144637036215
2006,COG,Congo Republic,2.3528969411351677e+29,"Congo, Rep.",8542162055.68026,22.868279980817693
2007,COG,Congo Republic,2.219503422224853e+29,"Congo, Rep.",7977183901.13328,22.79985129153135
2008,COG,Congo Republic,2.4131804519982286e+29,"Congo, Rep.",8480255108.6285,22.8610063698624
2009,COG,Congo Republic,2.5444968074208967e+29,"Congo, Rep.",9467126891.81813,22.97109130759668
2010,COG,Congo Republic,2.9690756412391013e+29,"Congo, Rep.",10407332392.13,23.06577643237622
2011,COG,Congo Republic,2.7169597039591108e+29,"Congo, Rep.",10636909752.5259,23.087595841882298
2012,COG,Congo Republic,2.8767766918361905e+29,"Congo, Rep.",11694979455.2472,23.182425480268503
2013,COG,Congo Republic,2.530960079714503e+29,"Congo, Rep.",11611660392.4682,23.1752756364245
2014,COG,Congo Republic,2.4655982020213e+29,"Congo, Rep.",12383378937.2556,23.239621002120803
2015,COG,Congo Republic,2.6443810799275957e+29,"Congo, Rep.",12434793867.3568,23.24376433725351
2016,COG,Congo Republic,2.336838157140285e+29,"Congo, Rep.",11354801748.8219,23.15290655297872
2017,COG,Congo Republic,2.429293270192367e+29,"Congo, Rep.",10719526284.7166,23.09533280175414
2018,COG,Congo Republic,2.826516797745415e+29,"Congo, Rep.",10472514332.3273,23.072019979352422
2019,COG,Congo Republic,2.456851221497108e+29,"Congo, Rep.",10590275024.738,23.083201966452723
2020,COG,Congo Republic,2.580960944754936e+29,"Congo, Rep.",9926500702.40064,23.01847385636156
2021,COG,Congo Republic,2.5987485547917406e+29,"Congo, Rep.",10027261669.7995,23.02857338766704
2022,COG,Congo Republic,2.80345753463936e+29,"Congo, Rep.",10175199489.7639,23.04321917395648
2023,COG,Congo Republic,2.192269742874991e+29,"Congo, Rep.",10369226732.5707,23.062108288670863
2024,COG,Congo Republic,2.138503720399535e+29,"Congo, Rep.",10636718505.674,23.087577862170555
2025,COG,Congo Republic,2.228619035011002e+29,,,
2005,COM,Comoros,1.3211350864669482e+28,Comoros,755434618.774047,20.44280379559345
2006,COM,Comoros,1.2730565151624813e+28,Comoros,742180920.320468,20.425103599335618
2007,COM,Comoros,1.1781576016505525e+28,Comoros,748145084.624578,20.43310748053213
2008,COM,Comoros,1.306082963628202e+28,Comoros,777806128.357449,20.471987858746484
2009,COM,Comoros,1.122313092667343e+28,Comoros,803011729.191202,20.503879878518184
2010,COM,Comoros,1.1581141364308178e+28,Comoros,833348554.386726,20.54096254524972
2011,COM,Comoros,1.1613455503730835e+28,Comoros,867878891.68189,20.581562737177897
2012,COM,Comoros,1.323534917045982e+28,Comoros,895376387.011074,20.612754731981678
2013,COM,Comoros,1.4306788328121594e+28,Comoros,935365362.167356,20.656447772601812
2014,COM,Comoros,1.2229013827493007e+28,Comoros,955070416.212074,20.67729562998025
2015,COM,Comoros,1.5173924610671678e+28,Comoros,966029600.862227,20.688705034421837
2016,COM,Comoros,1.449233664912091e+28,Comoros,998105646.566284,20.721369686955995
2017,COM,Comoros,1.332103989554701e+28,Comoros,1036190384.81036,20.758816733022197
2018,COM,Comoros,1.448604110566725e+28,Comoros,1073934613.01512,20.79459494944333
2019,COM,Comoros,1.4763126469728385e+28,Comoros,1092843397.42943,20.81204875813489
2020,COM,Comoros,1.2351652876985675e+28,Comoros,1090706042.10569,20.81009106854228
2021,COM,Comoros,1.355794056362512e+28,Comoros,1112522258.3942,20.82989557934987
2022,COM,Comoros,1.404573099152819e+28,Comoros,1141481327.58447,20.855592666011876
2023,COM,Comoros,1.134866610235645e+28,Comoros,1175671154.84031,20.88510501708119
2024,COM,Comoros,1.4287550600609963e+28,Comoros,1214916246.52607,20.91794097846259
2025,COM,Comoros,1.013666271142285e+28,,,
2005,ERI,Eritrea,1.9673214156166776e+28,Eritrea,2155038051.30131,21.49107421756262
2006,ERI,Eritrea,2.042165112448783e+28,Eritrea,2134151053.76576,21.48133477165348
2007,ERI,Eritrea,1.8211482638847145e+28,Eritrea,2164601595.02151,21.49550216069168
2008,ERI,Eritrea,1.7651954418825257e+28,Eritrea,1952837971.21425,21.39254952135124
2009,ERI,Eritrea,1.8998210588998847e+28,Eritrea,2028539764.99879,21.43058204357308
2010,ERI,Eritrea,1.9134547178472936e+28,Eritrea,2073049788.74561,21.452286687837447
2011,ERI,Eritrea,2.0579005318715973e+28,Eritrea,2252986366.41081,21.53552244707364
2012,ERI,Eritrea,1.8077492865959107e+28,,,
2013,ERI,Eritrea,1.9335462628957025e+28,,,
2014,ERI,Eritrea,2.1595693439448583e+28,,,
2015,ERI,Eritrea,1.9428832010277297e+28,,,
2016,ERI,Eritrea,2.1209078652012984e+28,,,
2017,ERI,Eritrea,2.0750198318044267e+28,,,
2018,ERI,Eritrea,1.880841586823125e+28,,,
2019,ERI,Eritrea,2.083178377596841e+28,,,
2020,ERI,Eritrea,2.083177415718381e+28,,,
2021,ERI,Eritrea,1.6662717766618683e+28,,,
2022,ERI,Eritrea,1.652633068364279e+28,,,
2023,ERI,Eritrea,1.7673716911487632e+28,,,
2024,ERI,Eritrea,1.8349982344805264e+28,,,
2025,ERI,Eritrea,1.7233828523508718e+28,,,
2005,ETH,Ethiopia,1.713203377334695e+29,Ethiopia,22791876293.8269,23.84967000651352
2006,ETH,Ethiopia,1.6765872905918807e+29,Ethiopia,25261313883.9249,23.95253996692321
2007,ETH,Ethiopia,1.643862923167128e+29,Ethiopia,28155292189.364,24.061001173484563
2008,ETH,Ethiopia,1.6370265726505874e+29,Ethiopia,31192831993.2611,24.163454161560963
2009,ETH,Ethiopia,1.639087874195775e+29,Ethiopia,33938597623.7578,24.247818776622392
2010,ETH,Ethiopia,1.7384339610839632e+29,Ethiopia,38198074328.8086,24.36605094104769
2011,ETH,Ethiopia,1.7371522167937296e+29,Ethiopia,42467968231.3241,24.47201594003596
2012,ETH,Ethiopia,1.6980080111139115e+29,Ethiopia,46140518129.2398,24.554957319131347
2013,ETH,Ethiopia,1.916820479157466e+29,Ethiopia,51023232360.2629,24.65554690242124
2014,ETH,Ethiopia,1.837787767055953e+29,Ethiopia,56256936828.9833,24.75319519183163
2015,ETH,Ethiopia,1.9393706350530475e+29,Ethiopia,62103418181.8182,24.852066867556506
2016,ETH,Ethiopia,1.958421064509342e+29,Ethiopia,67961933367.1549,24.942213581949886
2017,ETH,Ethiopia,1.8792262996351152e+29,Ethiopia,74461941569.3207,25.03355398038437
2018,ETH,Ethiopia,1.967158457747333e+29,Ethiopia,79537377550.6924,25.09949290598746
2019,ETH,Ethiopia,1.952816622961898e+29,Ethiopia,86189951998.924,25.179819441683925
2020,ETH,Ethiopia,1.862450078899232e+29,Ethiopia,91412658764.8474,25.238649804337783
2021,ETH,Ethiopia,1.6921961470425314e+29,Ethiopia,96569731965.9612,25.293531195379927
2022,ETH,Ethiopia,1.572017302449572e+29,Ethiopia,101708941221.845,25.345381053755325
2023,ETH,Ethiopia,1.605603020691523e+29,Ethiopia,108415879003.469,25.409240400495893
2024,ETH,Ethiopia,1.6490608208023773e+29,Ethiopia,116669335367.212,25.482609577076243
2025,ETH,Ethiopia,1.6148068641436366e+29,,,
2005,GAB,Gabon,3.0206184943791213e+28,Gabon,10435048720.8443,23.06843604644832
2006,GAB,Gabon,2.7787462926425403e+28,Gabon,10142180902.0393,23.039968891079837
2007,GAB,Gabon,2.942014201532621e+28,Gabon,10751534086.7123,23.098314287079265
2008,GAB,Gabon,3.255339007137417e+28,Gabon,10395827037.7727,23.064670316204865
2009,GAB,Gabon,3.1761786928473047e+28,Gabon,10409376035.5652,23.06597277883021
2010,GAB,Gabon,3.4345367879158e+28,Gabon,11147389066.6347,23.134471143004387
2011,GAB,Gabon,3.7591344282856496e+28,Gabon,11937934403.3789,23.202986931903013
2012,GAB,Gabon,3.975892798657549e+28,Gabon,12564804521.2615,23.254165450420352
2013,GAB,Gabon,3.1762291886493825e+28,Gabon,13273296028.5793,23.309020036406583
2014,GAB,Gabon,3.2760126281261548e+28,Gabon,13846034032.3711,23.351264677120003
2015,GAB,Gabon,3.374019748477861e+28,Gabon,14383107762.6952,23.38932028290575
2016,GAB,Gabon,3.2554761739316405e+28,Gabon,14683922149.3088,23.41001900083096
2017,GAB,Gabon,3.2940107869286087e+28,Gabon,14753324537.1727,23.41473428668589
2018,GAB,Gabon,3.690819261723865e+28,Gabon,14876945089.6921,23.423078542161697
2019,GAB,Gabon,3.781928378503757e+28,Gabon,15460241661.1259,23.46153751136294
2020,GAB,Gabon,3.304930694403424e+28,Gabon,15176119359.5429,23.44298893456816
2021,GAB,Gabon,3.843075575565373e+28,Gabon,15398898313.7955,23.4575618057418
2022,GAB,Gabon,3.666953396850695e+28,Gabon,15866657481.0928,23.487485730592784
2023,GAB,Gabon,3.2379453633149154e+28,Gabon,16253635205.6312,23.511582425665853
2024,GAB,Gabon,3.3778899192038005e+28,Gabon,16805289922.7656,23.544959550147563
2025,GAB,Gabon,2.993019123007531e+28,,,
2005,GHA,Ghana,2.65755431975588e+29,Ghana,25666707129.5251,23.968460546605748
2006,GHA,Ghana,2.3024294195216544e+29,Ghana,27309353954.6989,24.030495116154373
2007,GHA,Ghana,2.6460123346675933e+29,Ghana,28496442169.6902,24.073045080277115
2008,GHA,Ghana,2.808587311437687e+29,Ghana,31103809332.791,24.16059613521565
2009,GHA,Ghana,2.391667074242501e+29,Ghana,32610629348.5193,24.2079041258107
2010,GHA,Ghana,2.2464420518364982e+29,Ghana,35186775129.0417,24.28393614239376
2011,GHA,Ghana,2.468482320112808e+29,Ghana,40129504915.3457,24.415377684128096
2012,GHA,Ghana,2.4762223021776156e+29,Ghana,43858655296.9198,24.5042379204812
2013,GHA,Ghana,2.5561329067868337e+29,Ghana,47065830437.531,24.574813106271627
2014,GHA,Ghana,2.1426922612528924e+29,Ghana,48410143589.6826,24.60297520700976
2015,GHA,Ghana,2.57676531389903e+29,Ghana,49436806230.4839,24.62396104911127
2016,GHA,Ghana,2.741668101149475e+29,Ghana,51104539956.3997,24.657139174757567
2017,GHA,Ghana,2.5356537026662125e+29,Ghana,55258774288.879,24.73529297539364
2018,GHA,Ghana,2.671157709124783e+29,Ghana,58684861220.5087,24.7954476296752
2019,GHA,Ghana,2.416995093045783e+29,Ghana,62503939826.8611,24.858495428931786
2020,GHA,Ghana,2.5780097867682125e+29,Ghana,62825173619.4157,24.86362168391249
2021,GHA,Ghana,2.3794425497082252e+29,Ghana,66014472471.1465,24.913139834800376
2022,GHA,Ghana,2.391398928355823e+29,Ghana,68526224001.2217,24.95048234108769
2023,GHA,Ghana,2.06064115836062e+29,Ghana,70678009792.105,24.981400325995025
2024,GHA,Ghana,2.0596533363306503e+29,Ghana,74629231909.5195,25.03579811605657
2025,GHA,Ghana,2.4298045821353308e+29,,,
2005,GIN,Guinea,4.004993561099299e+28,Guinea,6022369313.03617,22.518746592431416
2006,GIN,Guinea,4.075836102339102e+28,Guinea,6094011545.87354,22.530572412137857
2007,GIN,Guinea,4.03360171627734e+28,Guinea,6509469022.49636,22.5965237264758
2008,GIN,Guinea,4.064436080352813e+28,Guinea,6778506429.10409,22.637022623938545
2009,GIN,Guinea,4.269322358195919e+28,Guinea,6702408065.67158,22.625732711556832
2010,GIN,Guinea,3.292564554190802e+28,Guinea,7025019105.91374,22.672743771865544
2011,GIN,Guinea,3.7725597623254274e+28,Guinea,7419271030.30424,22.727346645405145
2012,GIN,Guinea,3.5595403527741164e+28,Guinea,7858142150.2509,22.784816047795733
2013,GIN,Guinea,3.768646151831723e+28,Guinea,8168199850.29177,22.823514384979063
2014,GIN,Guinea,3.325165953877714e+28,Guinea,8470141696.43118,22.859813074683096
2015,GIN,Guinea,3.442130847243064e+28,Guinea,8794201742.84609,22.89735844840688
2016,GIN,Guinea,3.709151853449198e+28,Guinea,9745789528.35549,23.00010118543943
2017,GIN,Guinea,3.6641643175393977e+28,Guinea,10749606370.4679,23.098134974149016
2018,GIN,Guinea,3.831167157988626e+28,Guinea,11433119223.7578,23.15978017548981
2019,GIN,Guinea,3.41531039937142e+28,Guinea,12075307751.6835,23.21442852284213
2020,GIN,Guinea,3.437838072605167e+28,Guinea,12643401588.6985,23.26040130249065
2021,GIN,Guinea,3.0829903701552817e+28,Guinea,13349198344.073,23.31472217085654
2022,GIN,Guinea,3.285734008496836e+28,Guinea,13879482945.938,23.353677539597637
2023,GIN,Guinea,3.1437538500961477e+28,Guinea,14648645956.2703,23.40761374194477
2024,GIN,Guinea,3.261044042995736e+28,Guinea,15432355339.8107,23.45973213845184
2025,GIN,Guinea,3.5080577039342328e+28,,,
2005,GMB,Gambia,3.8751856942593274e+28,"Gambia, The",1098037738.85618,20.816790549986067
2006,GMB,Gambia,4.169385584980004e+28,"Gambia, The",1091937250.0561,20.81121924929945
2007,GMB,Gambia,4.370191979120584e+28,"Gambia, The",1125167625.04935,20.841197861547258
2008,GMB,Gambia,4.130539454813119e+28,"Gambia, The",1195557048.77095,20.901878063315035
2009,GMB,Gambia,3.773180821061157e+28,"Gambia, The",1275249585.58493,20.966407749799547
2010,GMB,Gambia,4.038298778358436e+28,"Gambia, The",1350595613.51288,21.023811527293493
2011,GMB,Gambia,3.975017869236046e+28,"Gambia, The",1240786190.47581,20.93901104023196
2012,GMB,Gambia,3.5402253898247526e+28,"Gambia, The",1305822857.84822,20.990099221425154
2013,GMB,Gambia,4.2424919309826855e+28,"Gambia, The",1343336129.36544,21.018422005648205
2014,GMB,Gambia,4.144346810947099e+28,"Gambia, The",1324430251.83027,21.00424820529001
2015,GMB,Gambia,4.027568335531251e+28,"Gambia, The",1378176608.93204,21.04402716455647
2016,GMB,Gambia,4.306451978728718e+28,"Gambia, The",1404959537.12175,21.06327434011581
2017,GMB,Gambia,3.8532467155501503e+28,"Gambia, The",1472715273.80675,21.11037365893802
2018,GMB,Gambia,3.730030301137915e+28,"Gambia, The",1579264608.77791,21.180225138153304
2019,GMB,Gambia,3.898188702174364e+28,"Gambia, The",1677527292.27233,21.240586696288688
2020,GMB,Gambia,3.8953979607371686e+28,"Gambia, The",1687449652.95674,21.246484144980982
2021,GMB,Gambia,4.5075364711209445e+28,"Gambia, The",1776141480.03218,21.297709140523807
2022,GMB,Gambia,4.194798810655777e+28,"Gambia, The",1873704900.09444,21.351183537762225
2023,GMB,Gambia,4.388786331826579e+28,"Gambia, The",1984568191.32879,21.408667191566696
2024,GMB,Gambia,4.284940389862889e+28,"Gambia, The",2094736745.30154,21.46269372385753
2025,GMB,Gambia,3.801212141423492e+28,,,
2005,GNB,Guinea-Bissau,1.5188928523329912e+28,Guinea-Bissau,823345295.681209,20.5288862279801
2006,GNB,Guinea-Bissau,1.585077880958638e+28,Guinea-Bissau,845299838.603667,20.55520196096535
2007,GNB,Guinea-Bissau,1.5004598832499665e+28,Guinea-Bissau,866938047.629768,20.580478076170685
2008,GNB,Guinea-Bissau,1.429935800228962e+28,Guinea-Bissau,906163311.064931,20.62473010280182
2009,GNB,Guinea-Bissau,1.4665246292896454e+28,Guinea-Bissau,928345745.452418,20.64891479189393
2010,GNB,Guinea-Bissau,1.2903579142132903e+28,Guinea-Bissau,980382895.434522,20.703453762948826
2011,GNB,Guinea-Bissau,1.395432636610309e+28,Guinea-Bissau,1059647261.07297,20.78120191711664
2012,GNB,Guinea-Bissau,1.2978025138315712e+28,Guinea-Bissau,1041496885.43544,20.763924828200377
2013,GNB,Guinea-Bissau,1.4393540450768065e+28,Guinea-Bissau,1075408772.95023,20.795966680155036
2014,GNB,Guinea-Bissau,1.4606274303578244e+28,Guinea-Bissau,1085781367.43837,20.80556571907322
2015,GNB,Guinea-Bissau,1.469404811163023e+28,Guinea-Bissau,1152384166.79638,20.865098821750497
2016,GNB,Guinea-Bissau,1.5230564389815092e+28,Guinea-Bissau,1214989490.95557,20.918001264282232
2017,GNB,Guinea-Bissau,1.3073699569410145e+28,Guinea-Bissau,1271652706.03289,20.96358323473655
2018,GNB,Guinea-Bissau,1.2170582373080117e+28,Guinea-Bissau,1319485332.4773,21.000507597875654
2019,GNB,Guinea-Bissau,1.29106862734386e+28,Guinea-Bissau,1389780856.97486,21.052411914807244
2020,GNB,Guinea-Bissau,1.2017971223269751e+28,Guinea-Bissau,1429964954.95595,21.080915773894112
2021,GNB,Guinea-Bissau,1.2431161277773638e+28,Guinea-Bissau,1502186168.85351,21.13018732991345
2022,GNB,Guinea-Bissau,1.3251622629481309e+28,Guinea-Bissau,1585255149.16317,21.1840112087102
2023,GNB,Guinea-Bissau,1.2135419479912132e+28,Guinea-Bissau,1677635814.13438,21.240651385759005
2024,GNB,Guinea-Bissau,1.2881254381829471e+28,Guinea-Bissau,1747195818.67949,21.28127795035694
2025,GNB,Guinea-Bissau,9.815335743897452e+27,,,
2005,GNQ,Equatorial Guinea,2.0612443849975957e+28,Equatorial Guinea,9674942387.18021,22.99280512103111
2006,GNQ,Equatorial Guinea,1.7350512397414044e+28,Equatorial Guinea,10420388726.5973,23.067030178391267
2007,GNQ,Equatorial Guinea,2.0585381928144526e+28,Equatorial Guinea,12012844402.6491,23.20924228118764
2008,GNQ,Equatorial Guinea,2.1118930321603963e+28,Equatorial Guinea,14151023687.8999,23.37305280385348
2009,GNQ,Equatorial Guinea,2.0531281985007304e+28,Equatorial Guinea,14341122354.4363,23.3863969364496
2010,GNQ,Equatorial Guinea,2.420637685410916e+28,Equatorial Guinea,13061295371.1388,23.292919142027596
2011,GNQ,Equatorial Guinea,2.231486807908075e+28,Equatorial Guinea,13913404306.2274,23.356118550984835
2012,GNQ,Equatorial Guinea,2.521937829205925e+28,Equatorial Guinea,15070007775.4052,23.43597236553725
2013,GNQ,Equatorial Guinea,2.060976434913424e+28,Equatorial Guinea,14447134439.884,23.393761923180545
2014,GNQ,Equatorial Guinea,2.2152942435602757e+28,Equatorial Guinea,14507099626.4903,23.397903995956696
2015,GNQ,Equatorial Guinea,2.34392476125424e+28,Equatorial Guinea,13185496881.0174,23.30238334136714
2016,GNQ,Equatorial Guinea,2.1916591421070293e+28,Equatorial Guinea,12023008461.8485,23.210088022744017
2017,GNQ,Equatorial Guinea,2.0226289642397564e+28,Equatorial Guinea,11341603434.7324,23.151743521611376
2018,GNQ,Equatorial Guinea,2.3157201413613383e+28,Equatorial Guinea,10634279338.5817,23.08734852012268
2019,GNQ,Equatorial Guinea,2.174747304722325e+28,Equatorial Guinea,10051326714.9325,23.030970474174826
2020,GNQ,Equatorial Guinea,2.179342397331959e+28,Equatorial Guinea,9569759527.14748,22.981873914315784
2021,GNQ,Equatorial Guinea,2.361991611417685e+28,Equatorial Guinea,9652085293.25754,22.99043982151822
2022,GNQ,Equatorial Guinea,2.030758294926815e+28,Equatorial Guinea,9963221065.40967,23.022166256401896
2023,GNQ,Equatorial Guinea,1.8487421032693192e+28,Equatorial Guinea,9456161986.86363,22.969932428053912
2024,GNQ,Equatorial Guinea,1.86542858739962e+28,Equatorial Guinea,9541952850.62711,22.978964002781744
2025,GNQ,Equatorial Guinea,1.7995417443441806e+28,,,
2005,KEN,Kenya,2.160379027365029e+29,Kenya,43795114731.9782,24.502788112308647
2006,KEN,Kenya,2.1235156700744053e+29,Kenya,46629751036.7518,24.56550460863061
2007,KEN,Kenya,2.0733274353141943e+29,Kenya,49824229272.6978,24.63176723423918
2008,KEN,Kenya,2.018351075873681e+29,Kenya,49939962360.0343,24.634087368094
2009,KEN,Kenya,2.398376287377272e+29,Kenya,51591446859.569,24.66662173715898
2010,KEN,Kenya,2.3329407042385365e+29,Kenya,55748929986.1062,24.74412405402812
2011,KEN,Kenya,2.4891047692951544e+29,Kenya,58603891851.295,24.7940669451687
2012,KEN,Kenya,2.49189462756284e+29,Kenya,61281315911.5794,24.83874083590112
2013,KEN,Kenya,2.102842443150161e+29,Kenya,63608687382.8764,24.87601589203475
2014,KEN,Kenya,2.398348403528814e+29,Kenya,66801914096.6185,24.924997571219485
2015,KEN,Kenya,2.197940408495005e+29,Kenya,70120446896.8359,24.973480270293965
2016,KEN,Kenya,1.9397684177731342e+29,Kenya,73074983895.0953,25.01475192755499
2017,KEN,Kenya,2.229394307461971e+29,Kenya,75879571212.3885,25.052413331132584
2018,KEN,Kenya,2.430156416155189e+29,Kenya,80165208728.3956,25.107355451318565
2019,KEN,Kenya,2.245730586712618e+29,Kenya,84264984851.3549,25.15723225210051
2020,KEN,Kenya,2.143359036574425e+29,Kenya,84035138346.859,25.154500861974043
2021,KEN,Kenya,2.222577933613437e+29,Kenya,90413816676.9795,25.22766293201292
2022,KEN,Kenya,2.0521528083910836e+29,Kenya,94807911027.625,25.27511869238415
2023,KEN,Kenya,1.905912207786321e+29,Kenya,100230916344.516,25.330742524358996
2024,KEN,Kenya,1.8745982063256805e+29,Kenya,104966566488.391,25.376907722003036
2025,KEN,Kenya,1.990049839408709e+29,,,
2005,LBR,Liberia,2.529131864466865e+28,Liberia,1781443510.53791,21.30068983357557
2006,LBR,Liberia,2.307132694718499e+28,Liberia,1924741222.72585,21.378057365896865
2007,LBR,Liberia,2.3236939194518937e+28,Liberia,2108270598.33452,21.46913382671851
2008,LBR,Liberia,2.4616579730563543e+28,Liberia,2258921103.43636,21.53815314838473
2009,LBR,Liberia,2.3560341998664745e+28,Liberia,2378656131.45291,21.589801514504543
2010,LBR,Liberia,2.2105737609712102e+28,Liberia,2523749998.53307,21.64901172701007
2011,LBR,Liberia,2.242037595248016e+28,Liberia,2730716886.49046,21.727830007455093
2012,LBR,Liberia,2.4997111131017225e+28,Liberia,2949005327.42991,21.804733773298743
2013,LBR,Liberia,2.3495980796769384e+28,Liberia,3205193907.94462,21.88803842718768
2014,LBR,Liberia,2.108793086561212e+28,Liberia,3227674916.86578,21.89502787499214
2015,LBR,Liberia,2.519961198267925e+28,Liberia,3227075700.0,21.894842208061515
2016,LBR,Liberia,2.3919533582193884e+28,Liberia,3176896008.31,21.87917045902888
2017,LBR,Liberia,2.2365891277386663e+28,Liberia,3254893758.73415,21.90342547266848
2018,LBR,Liberia,2.379826739918847e+28,Liberia,3292571599.13518,21.91493473747592
2019,LBR,Liberia,2.2852768937281025e+28,Liberia,3211334057.92828,21.88995228212309
2020,LBR,Liberia,2.3506182699061504e+28,Liberia,3115556299.79146,21.85967356065398
2021,LBR,Liberia,2.392840653134837e+28,Liberia,3270920145.66908,21.908337172385668
2022,LBR,Liberia,2.4311856423784995e+28,Liberia,3428189426.39464,21.95529809473011
2023,LBR,Liberia,1.821793881416683e+28,Liberia,3588757484.77383,22.00107187501878
2024,LBR,Liberia,2.1530399962576272e+28,Liberia,3733092094.5398,22.040502706957565
2025,LBR,Liberia,1.8360700163047484e+28,,,
2005,LSO,Lesotho,3.1540623784609324e+28,Lesotho,1667849758.72804,21.234801064121164
2006,LSO,Lesotho,3.673392521213792e+28,Lesotho,1738401391.78308,21.276231787517705
2007,LSO,Lesotho,3.669998657418752e+28,Lesotho,1811204148.77671,21.3172577365937
2008,LSO,Lesotho,3.43298141422848e+28,Lesotho,1911244554.99023,21.371020466277518
2009,LSO,Lesotho,3.341831127687587e+28,Lesotho,1887282177.32009,21.35840362968372
2010,LSO,Lesotho,3.2614159862707834e+28,Lesotho,1986735734.7651,21.409758794572603
2011,LSO,Lesotho,3.0695019127652467e+28,Lesotho,2078451680.28081,21.45488906898757
2012,LSO,Lesotho,3.5032866272403323e+28,Lesotho,2210102550.34645,21.51630475427119
2013,LSO,Lesotho,3.2851374095033235e+28,Lesotho,2249719203.36981,21.53407124687245
2014,LSO,Lesotho,3.424470054467821e+28,Lesotho,2288201773.07605,21.55103209410891
2015,LSO,Lesotho,3.3596896725454977e+28,Lesotho,2359686724.53829,21.581794703332974
2016,LSO,Lesotho,3.1274647333544623e+28,Lesotho,2444845631.39553,21.61724782143651
2017,LSO,Lesotho,3.2169579654453995e+28,Lesotho,2368122098.53455,21.58536311452005
2018,LSO,Lesotho,3.0239441408763284e+28,Lesotho,2333058897.5103,21.570446075063657
2019,LSO,Lesotho,2.7824363230479985e+28,Lesotho,2299976266.27346,21.556164640816736
2020,LSO,Lesotho,3.452567496026662e+28,Lesotho,2112391171.33041,21.4710863993386
2021,LSO,Lesotho,3.1573309047844726e+28,Lesotho,2160272945.18777,21.493500414172143
2022,LSO,Lesotho,3.2812378375742724e+28,Lesotho,2211855514.87917,21.517097599702417
2023,LSO,Lesotho,3.25013659108877e+28,Lesotho,2252257815.53386,21.535199023590305
2024,LSO,Lesotho,2.947654397919481e+28,Lesotho,2316549022.3524,21.563344424847177
2025,LSO,Lesotho,2.46277498448304e+28,,,
2005,MDG,Madagascar,1.6793680359151368e+29,Madagascar,8640170094.37648,22.87968810641772
2006,MDG,Madagascar,1.5217803751730024e+29,Madagascar,9106610406.88934,22.932266405094605
2007,MDG,Madagascar,1.5151047016776864e+29,Madagascar,9626649240.51396,22.98780105210537
2008,MDG,Madagascar,1.472485688206217e+29,Madagascar,10272850829.8606,23.052770410473595
2009,MDG,Madagascar,1.4574573444950416e+29,Madagascar,9864124029.23054,23.01217017665789
2010,MDG,Madagascar,1.609883310850021e+29,Madagascar,9925206605.67835,23.018343479996037
2011,MDG,Madagascar,1.6515837828436514e+29,Madagascar,10081868751.8746,23.034004474457703
2012,MDG,Madagascar,1.7247350316331077e+29,Madagascar,10385448752.8756,23.06367150498033
2013,MDG,Madagascar,1.783138530006189e+29,Madagascar,10624353147.1587,23.086414669636195
2014,MDG,Madagascar,1.802860490157376e+29,Madagascar,10979121878.0735,23.119261295155106
2015,MDG,Madagascar,1.7714815217196902e+29,Madagascar,11323020701.3017,23.15010372052902
2016,MDG,Madagascar,1.830238430350987e+29,Madagascar,11775165456.5346,23.18925852826054
2017,MDG,Madagascar,1.8360095074157247e+29,Madagascar,12238318933.7165,23.22783776258169
2018,MDG,Madagascar,1.5859743660253754e+29,Madagascar,12629254472.2012,23.25928174323729
2019,MDG,Madagascar,1.866705990985895e+29,Madagascar,13186360203.1442,23.30244881435407
2020,MDG,Madagascar,1.826773091556688e+29,Madagascar,12245161113.1284,23.22839668472649
2021,MDG,Madagascar,1.691391898784654e+29,Madagascar,12814644792.2069,23.27385447825164
2022,MDG,Madagascar,1.5226223298839256e+29,Madagascar,13347233960.4257,23.31457500634943
2023,MDG,Madagascar,1.3709921960218254e+29,Madagascar,13908224364.653,23.35574618301921
2024,MDG,Madagascar,1.5271324885291948e+29,Madagascar,14492369787.9526,23.39688812634929
2025,MDG,Madagascar,1.3060175471407986e+29,,,
2005,MLI,Mali,1.0196202074755365e+29,Mali,10754740076.8688,23.098612431718905
2006,MLI,Mali,9.955954612605515e+28,Mali,11151547252.0345,23.1348440922239
2007,MLI,Mali,9.780949816105932e+28,Mali,11347819622.1797,23.15229145864681
2008,MLI,Mali,9.547930087698373e+28,Mali,11760733950.0728,23.1880321881899
2009,MLI,Mali,1.0238917737415582e+29,Mali,12402250894.7002,23.2411438168501
2010,MLI,Mali,9.782077100091269e+28,Mali,13093898208.5384,23.29541217303395
2011,MLI,Mali,1.1254272631804618e+29,Mali,13478253743.0182,23.324343389752503
2012,MLI,Mali,9.77651558458798e+28,Mali,13333713052.1336,23.31356148089674
2013,MLI,Mali,1.0640950779252262e+29,Mali,13772483870.1848,23.345938516149435
2014,MLI,Mali,1.0783214898538583e+29,Mali,14668058747.8609,23.40893809231933
2015,MLI,Mali,1.0357587234666087e+29,Mali,15583181170.4105,23.46945803949969
2016,MLI,Mali,1.1363312777270202e+29,Mali,16518961030.4362,23.5277747114414
2017,MLI,Mali,1.1571414817246948e+29,Mali,17406945659.5769,23.580135139355168
2018,MLI,Mali,1.029419953678496e+29,Mali,18254289663.8519,23.627665939429047
2019,MLI,Mali,1.1026533297583264e+29,Mali,19167003985.6926,23.676456095180267
2020,MLI,Mali,9.473683016848526e+28,Mali,18942920941.9796,23.664696133615
2021,MLI,Mali,1.111463211826891e+29,Mali,19530329790.3727,23.695234468040237
2022,MLI,Mali,1.031230152135121e+29,Mali,20253575064.0318,23.731597161288423
2023,MLI,Mali,1.1665140566886413e+29,Mali,21210639746.3918,23.777768767557127
2024,MLI,Mali,1.022723684149866e+29,Mali,22269531976.235,23.826485302109575
2025,MLI,Mali,1.1631914125075577e+29,,,
2005,MOZ,Mozambique,7.172239779504814e+29,Mozambique,7953294766.92377,22.796852115848772
2006,MOZ,Mozambique,6.22126788322777e+29,Mozambique,8741520167.29262,22.89134994367392
2007,MOZ,Mozambique,8.093049098179088e+29,Mozambique,9410189984.44687,22.965058979972927
2008,MOZ,Mozambique,7.786418300153541e+29,Mozambique,10057425620.5829,23.031577066342816
2009,MOZ,Mozambique,6.747267174509613e+29,Mozambique,10653727556.9369,23.08917567321045
2010,MOZ,Mozambique,6.917058392083968e+29,Mozambique,11365367724.1329,23.153836649568472
2011,MOZ,Mozambique,7.350928355047568e+29,Mozambique,12176179697.5618,23.222747396297983
2012,MOZ,Mozambique,6.545343362941219e+29,Mozambique,13149604768.3812,23.29965753948209
2013,MOZ,Mozambique,7.562111692146624e+29,Mozambique,14013719723.4859,23.3633026669435
2014,MOZ,Mozambique,8.852868745475383e+29,Mozambique,15093136077.3533,23.43750591300788
2015,MOZ,Mozambique,8.034251685795243e+29,Mozambique,16208985769.615,23.508831602544976
2016,MOZ,Mozambique,6.356202526751533e+29,Mozambique,16970320249.5828,23.554731787527903
2017,MOZ,Mozambique,6.783606180470166e+29,Mozambique,17418032489.647,23.5807718565067
2018,MOZ,Mozambique,6.373236591194125e+29,Mozambique,18025039081.8692,23.615027688318637
2019,MOZ,Mozambique,6.587778319554725e+29,Mozambique,18442825951.8799,23.63794129451964
2020,MOZ,Mozambique,5.320693839357877e+29,Mozambique,18217911539.7402,23.625671097605697
2021,MOZ,Mozambique,6.112404964543169e+29,Mozambique,18651030677.5113,23.649167245718942
2022,MOZ,Mozambique,5.226473371485932e+29,Mozambique,19465045724.7404,23.69188616708084
2023,MOZ,Mozambique,5.325336440441543e+29,Mozambique,20532020330.7663,23.745251471843
2024,MOZ,Mozambique,4.744249501413176e+29,Mozambique,20973160980.9212,23.76650940874173
2025,MOZ,Mozambique,5.3570518807071166e+29,,,
2005,MRT,Mauritania,2.789438579432019e+28,Mauritania,4169149304.40539,22.15097784820581
2006,MRT,Mauritania,2.7715313647463966e+28,Mauritania,4933487730.19964,22.31931202522073
2007,MRT,Mauritania,2.9726082329717907e+28,Mauritania,4836326500.47834,22.299421281993634
2008,MRT,Mauritania,2.887219602799042e+28,Mauritania,4820314428.25798,22.296104996959688
2009,MRT,Mauritania,3.1523464922453533e+28,Mauritania,4825032355.07832,22.29708327743059
2010,MRT,Mauritania,2.9745794263183266e+28,Mauritania,4951459275.31606,22.32294817317527
2011,MRT,Mauritania,2.7749722250475344e+28,Mauritania,5158072939.98105,22.363828885441883
2012,MRT,Mauritania,2.8637031885219973e+28,Mauritania,5388639480.83596,22.40755877457586
2013,MRT,Mauritania,2.897783241811234e+28,Mauritania,5612311839.16241,22.448228564136524
2014,MRT,Mauritania,2.9889051154684034e+28,Mauritania,5852228252.66622,22.49008832355865
2015,MRT,Mauritania,2.9653302876130623e+28,Mauritania,6166863896.68677,22.54245626309763
2016,MRT,Mauritania,3.1639590992350697e+28,Mauritania,6244622452.80308,22.55498652278018
2017,MRT,Mauritania,3.078479810150477e+28,Mauritania,6636194355.58626,22.61580449690875
2018,MRT,Mauritania,3.016213250988735e+28,Mauritania,6952885074.44597,22.66242252901053
2019,MRT,Mauritania,3.1710672101002306e+28,Mauritania,7171275534.84383,22.693349374598277
2020,MRT,Mauritania,3.10039298239507e+28,Mauritania,7145411800.0896,22.689736281389557
2021,MRT,Mauritania,3.4602336740233376e+28,Mauritania,7198481880.1079,22.697135990751423
2022,MRT,Mauritania,3.2924092721748903e+28,Mauritania,7687691068.95683,22.762886324268628
2023,MRT,Mauritania,3.238528393745312e+28,Mauritania,8211183625.04944,22.828762918722173
2024,MRT,Mauritania,3.2812623391424163e+28,Mauritania,8729112418.52009,22.889929531356536
2025,MRT,Mauritania,3.432059742740532e+28,,,
2005,MWI,Malawi,4.754220118856843e+28,Malawi,5267853576.27553,22.38488882550485
2006,MWI,Malawi,6.78776639455534e+28,Malawi,5515442681.93082,22.43081775513964
2007,MWI,Malawi,5.671322671000887e+28,Malawi,6044925172.60306,22.52248494254169
2008,MWI,Malawi,7.007510115746142e+28,Malawi,6506741521.33369,22.596104633500406
2009,MWI,Malawi,5.487754110167597e+28,Malawi,7048630103.04233,22.67609912326444
2010,MWI,Malawi,6.52698988493834e+28,Malawi,7533157578.1417,22.74258012394921
2011,MWI,Malawi,6.039593928981841e+28,Malawi,7904743381.9111,22.790728844324576
2012,MWI,Malawi,5.619026707226191e+28,Malawi,8054933506.22505,22.80955059857232
2013,MWI,Malawi,8.264849576947057e+28,Malawi,8490733601.03182,22.862241241196557
2014,MWI,Malawi,5.58622909920592e+28,Malawi,8968360291.15986,22.916968697105503
2015,MWI,Malawi,6.697061073337958e+28,Malawi,9219474379.31534,22.944583864138806
2016,MWI,Malawi,7.143603681708091e+28,Malawi,9449961238.71922,22.969276476720815
2017,MWI,Malawi,5.8560627091751535e+28,Malawi,9827959688.35226,23.00849718988267
2018,MWI,Malawi,5.274302125274342e+28,Malawi,10255826273.6659,23.051111797986124
2019,MWI,Malawi,7.3459874325062365e+28,Malawi,10842133933.7208,23.10670567093836
2020,MWI,Malawi,6.167810018904032e+28,Malawi,10928176721.5316,23.11461031108732
2021,MWI,Malawi,4.941786717507576e+28,Malawi,11426314939.9064,23.1591848603124
2022,MWI,Malawi,5.372077012640945e+28,Malawi,11531564448.65,23.168353847075032
2023,MWI,Malawi,3.885321103471679e+28,Malawi,11755940188.7261,23.187624497766944
2024,MWI,Malawi,4.7618282879612015e+28,Malawi,11952668098.8907,23.20422036227617
2025,MWI,Malawi,4.505553648478141e+28,,,
2005,NAM,Namibia,2.3899323317968453e+28,Namibia,7134269025.97086,22.688175633568903
2006,NAM,Namibia,2.379422624569017e+28,Namibia,7638888381.86825,22.75651792978326
2007,NAM,Namibia,2.294663883278061e+28,Namibia,8049405616.20712,22.808864089154824
2008,NAM,Namibia,2.340482124056046e+28,Namibia,8262699735.19694,22.83501721553212
2009,NAM,Namibia,2.1849077447903502e+28,Namibia,8287154923.12437,22.837972553356128
2010,NAM,Namibia,2.5515968721656694e+28,Namibia,8787636883.68937,22.89661167105312
2011,NAM,Namibia,2.293208515222252e+28,Namibia,9235045191.83414,22.9462713441248
2012,NAM,Namibia,2.426780486226615e+28,Namibia,9702493818.43111,22.995648784096197
2013,NAM,Namibia,2.29498907427107e+28,Namibia,10247261642.7308,23.05027635003134
2014,NAM,Namibia,2.3723197385329143e+28,Namibia,10871578021.6669,23.109417699729534
2015,NAM,Namibia,2.5714245929943578e+28,Namibia,11335161083.5061,23.151175331965582
2016,NAM,Namibia,2.425706294644246e+28,Namibia,11338991738.8743,23.15151321937727
2017,NAM,Namibia,2.9039917809140365e+28,Namibia,11222512162.9739,23.141187612422303
2018,NAM,Namibia,2.393925810146191e+28,Namibia,11341464002.1253,23.151731227629757
2019,NAM,Namibia,2.374521398221281e+28,Namibia,11246291861.588,23.143304298959475
2020,NAM,Namibia,2.1621411844997166e+28,Namibia,10335184546.1643,23.05881988634687
2021,NAM,Namibia,2.554439860327353e+28,Namibia,10707646943.9364,23.09422399081856
2022,NAM,Namibia,1.7684912696205982e+28,Namibia,11285723332.8927,23.14680434200652
2023,NAM,Namibia,2.163129188516832e+28,Namibia,11787126126.6129,23.190273766618272
2024,NAM,Namibia,2.102886640799924e+28,Namibia,12224610619.8575,23.22671702066369
2025,NAM,Namibia,2.3321025151949125e+28,,,
2005,NER,Niger,9.23998508590924e+28,Niger,5601396628.31908,22.446281801507148
2006,NER,Niger,9.886683833159078e+28,Niger,5933618261.55882,22.503900026034376
2007,NER,Niger,9.904370844715962e+28,Niger,6120095511.70958,22.53484353983736
2008,NER,Niger,9.191802369954658e+28,Niger,6593265446.85522,22.60931457818961
2009,NER,Niger,1.0395230578341204e+29,Niger,6722664934.31258,22.62875048047536
2010,NER,Niger,9.995581154378912e+28,Niger,7299346341.92573,22.71105063888966
2011,NER,Niger,1.0240423732975302e+29,Niger,7471447186.58798,22.734354550471604
2012,NER,Niger,1.0226507358021548e+29,Niger,8259606009.352,22.834642724716016
2013,NER,Niger,1.1159478878593536e+29,Niger,8698614858.59842,22.886429638276077
2014,NER,Niger,1.1380544884785914e+29,Niger,9276388744.59484,22.95073816410697
2015,NER,Niger,1.076771159542286e+29,Niger,9683867926.44282,22.99372723760237
2016,NER,Niger,1.1865635273962744e+29,Niger,10239808436.9433,23.049548749053034
2017,NER,Niger,1.1863284394631176e+29,Niger,10752347793.0235,23.09838996702544
2018,NER,Niger,9.783235480851968e+28,Niger,11527744540.163,23.16802253545388
2019,NER,Niger,1.15992108573735e+29,Niger,12212475570.6373,23.22572385395608
2020,NER,Niger,1.0056546135763475e+29,Niger,12646096746.8881,23.260614446948008
2021,NER,Niger,1.091761072724645e+29,Niger,12821067681.4111,23.274355567452503
2022,NER,Niger,1.15508655424216e+29,Niger,14346774735.5026,23.386790996782544
2023,NER,Niger,1.193259508490665e+29,Niger,14586026438.1981,23.40332981408038
2024,NER,Niger,1.0169014412015933e+29,Niger,16088387161.4462,23.50136355435881
2025,NER,Niger,1.129671925707222e+29,,,
2005,NGA,Nigeria,1.2442171977442404e+30,Nigeria,273974099482.935,26.336299411431938
2006,NGA,Nigeria,1.1233736245366798e+30,Nigeria,290575362867.503,26.395128804266605
2007,NGA,Nigeria,1.2170411716455188e+30,Nigeria,309727563830.139,26.45895892167693
2008,NGA,Nigeria,1.1817077050482926e+30,Nigeria,330679000570.779,26.524413954980787
2009,NGA,Nigeria,1.0623496833064643e+30,Nigeria,357255424171.356,26.601716836765984
2010,NGA,Nigeria,1.0877921687397248e+30,Nigeria,385856064172.786,26.67873024612612
2011,NGA,Nigeria,1.1487775313674888e+30,Nigeria,406337011591.35,26.73044873003529
2012,NGA,Nigeria,1.1818881799974931e+30,Nigeria,423525315758.055,26.77187912672076
2013,NGA,Nigeria,1.2294322909633598e+30,Nigeria,451780110046.799,26.83646141621044
2014,NGA,Nigeria,1.1765330013986636e+30,Nigeria,480286163931.15,26.89764793806328
2015,NGA,Nigeria,1.277743458254511e+30,Nigeria,493026682800.63,26.923829132852337
2016,NGA,Nigeria,1.3150345156245143e+30,Nigeria,485055087455.821,26.90752830381704
2017,NGA,Nigeria,1.2462463989475044e+30,Nigeria,488964081500.903,26.915554870760094
2018,NGA,Nigeria,1.2677925424764767e+30,Nigeria,498365674277.734,26.93459993021348
2019,NGA,Nigeria,1.2047861174205995e+30,Nigeria,509371727735.744,26.95644389684384
2020,NGA,Nigeria,1.2106784608371088e+30,Nigeria,476930359891.946,26.89063632114264
2021,NGA,Nigeria,1.2325013062054568e+30,Nigeria,482220722020.13,26.90166777568164
2022,NGA,Nigeria,1.2591155077706469e+30,Nigeria,503047012794.856,26.94394946747949
2023,NGA,Nigeria,1.1259862786967071e+30,Nigeria,519782610025.928,26.97667650346898
2024,NGA,Nigeria,1.1388093366053713e+30,Nigeria,540898072115.881,27.016496691602025
2025,NGA,Nigeria,1.151001014168884e+30,,,
2005,RWA,Rwanda,2.0286575433979907e+28,Rwanda,4038589400.18749,22.11916130958006
2006,RWA,Rwanda,1.8621393566334425e+28,Rwanda,4411233104.10076,22.2074201027624
2007,RWA,Rwanda,1.7605715304403272e+28,Rwanda,4747955680.84802,22.280979979372265
2008,RWA,Rwanda,1.7057308559622632e+28,Rwanda,5277886757.25615,22.38679161918088
2009,RWA,Rwanda,2.0136899024126706e+28,Rwanda,5607662712.73541,22.44739984092123
2010,RWA,Rwanda,1.959101465098052e+28,Rwanda,6018965507.59309,22.518181238908
2011,RWA,Rwanda,2.0298746990384048e+28,Rwanda,6497978178.31424,22.59475691597196
2012,RWA,Rwanda,2.125340075938059e+28,Rwanda,7059501492.72193,22.677640275862508
2013,RWA,Rwanda,2.031371579995444e+28,Rwanda,7392699272.95995,22.72375876542634
2014,RWA,Rwanda,1.99788946893656e+28,Rwanda,7848619320.21664,22.78360347049659
2015,RWA,Rwanda,1.85505935887416e+28,Rwanda,8543760199.80208,22.86846705226781
2016,RWA,Rwanda,1.7446139577226324e+28,Rwanda,9053886356.47148,22.92645993413317
2017,RWA,Rwanda,1.8389762328098936e+28,Rwanda,9408633100.29498,22.964893519662425
2018,RWA,Rwanda,1.7249453559263642e+28,Rwanda,10209916254.6891,23.046625266806203
2019,RWA,Rwanda,1.723646553301991e+28,Rwanda,11174486370.4509,23.136899014013984
2020,RWA,Rwanda,1.823514609727696e+28,Rwanda,10797494124.6384,23.102579918658066
2021,RWA,Rwanda,1.6245477899994957e+28,Rwanda,11969932683.8627,23.20566373276303
2022,RWA,Rwanda,1.7949139624843777e+28,Rwanda,12946823692.9381,23.28411632033061
2023,RWA,Rwanda,1.0161637081747624e+28,Rwanda,14014924091.7947,23.363388605336915
2024,RWA,Rwanda,1.428049860617567e+28,Rwanda,15260942682.7546,23.448562635649303
2025,RWA,Rwanda,1.1774983577198092e+28,,,
2005,SDN,Sudan,2.404251762976497e+29,Sudan,50129334265.0222,24.63787218796253
2006,SDN,Sudan,2.5271575615207903e+29,Sudan,53403487491.79,24.70114188961505
2007,SDN,Sudan,2.4550388287157352e+29,Sudan,56466323951.3765,24.75691026113976
2008,SDN,Sudan,2.593089387212758e+29,Sudan,58638439292.8844,24.79465627911067
2009,SDN,Sudan,2.6358130591200116e+29,Sudan,57015500648.426,24.76658900901211
2010,SDN,Sudan,2.6526558694118177e+29,Sudan,59215296613.7581,24.80444573420566
2011,SDN,Sudan,2.5263808115213376e+29,Sudan,57312394053.386,24.771782738383607
2012,SDN,Sudan,2.5757434095243813e+29,Sudan,47566600027.2224,24.585396671790715
2013,SDN,Sudan,2.575159334760427e+29,Sudan,48496595854.7667,24.604759443865007
2014,SDN,Sudan,2.8518785072907443e+29,Sudan,50757206252.6521,24.650319439914103
2015,SDN,Sudan,2.8347189956833005e+29,Sudan,51726758676.7677,24.669241060517518
2016,SDN,Sudan,3.1285573982649385e+29,Sudan,53520457581.1072,24.70332980245157
2017,SDN,Sudan,3.206252848469614e+29,Sudan,53900054790.1369,24.710397331375447
2018,SDN,Sudan,2.769766801459163e+29,Sudan,52455031754.9093,24.683222101503983
2019,SDN,Sudan,3.033269808725073e+29,Sudan,51312429477.3951,24.661198849783357
2020,SDN,Sudan,2.7074034293071864e+29,Sudan,49449890489.355,24.62422568043948
2021,SDN,Sudan,2.882831259490307e+29,Sudan,48525909156.8784,24.605363701670967
2022,SDN,Sudan,2.6711740554777544e+29,Sudan,48061119947.9824,24.595739370103956
2023,SDN,Sudan,2.4976609395089448e+29,Sudan,33915159867.9417,24.247127945116087
2024,SDN,Sudan,2.13433279740154e+29,Sudan,29179132473.6304,24.096719649428792
2025,SDN,Sudan,2.1481113815562623e+29,,,
2005,SDS,South Sudan,2.991657938027336e+28,,,
2006,SDS,South Sudan,2.2651617545066617e+28,,,
2007,SDS,South Sudan,2.952967592926941e+28,,,
2008,SDS,South Sudan,2.8932580533372638e+28,South Sudan,20185217785.8109,23.72821638068089
2009,SDS,South Sudan,3.076442138426849e+28,South Sudan,21202884179.2359,23.777403055561308
2010,SDS,South Sudan,2.7045080521835807e+28,South Sudan,22367646895.0144,23.830881416706113
2011,SDS,South Sudan,3.1664288046274893e+28,South Sudan,21329717232.6938,23.78336711255295
2012,SDS,South Sudan,2.916456020291265e+28,South Sudan,11500530835.4315,23.165659030853032
2013,SDS,South Sudan,2.9671115515534005e+28,South Sudan,13010519613.8763,23.28902406824869
2014,SDS,South Sudan,2.5652835857303524e+28,South Sudan,13449448810.7001,23.322203961537436
2015,SDS,South Sudan,2.682710650717435e+28,South Sudan,11997800760.2242,23.2079891999571
2016,SDS,South Sudan,2.9962884510691143e+28,,,
2017,SDS,South Sudan,2.439211985315895e+28,,,
2018,SDS,South Sudan,2.5976362403049884e+28,,,
2019,SDS,South Sudan,2.1725564659571027e+28,,,
2020,SDS,South Sudan,2.2425113474241887e+28,,,
2021,SDS,South Sudan,3.262276065897131e+28,,,
2022,SDS,South Sudan,2.3915456189079e+28,,,
2023,SDS,South Sudan,2.533216356318201e+28,,,
2024,SDS,South Sudan,2.876977235360994e+28,,,
2025,SDS,South Sudan,2.9195315669942337e+28,,,
2005,SEN,Senegal,1.169342519556309e+29,Senegal,12573060904.8807,23.25482233864663
2006,SEN,Senegal,1.1596824432809768e+29,Senegal,12866110160.1646,23.27786257201302
2007,SEN,Senegal,1.1946715064856924e+29,Senegal,13229850430.9674,23.3057415097159
2008,SEN,Senegal,1.1687649085655212e+29,Senegal,13719774159.3291,23.342103998418374
2009,SEN,Senegal,1.1230447590440295e+29,Senegal,14097356679.2382,23.369253147198343
2010,SEN,Senegal,1.2431866310414784e+29,Senegal,14575382431.8826,23.40259980773291
2011,SEN,Senegal,1.353038811751976e+29,Senegal,14769831308.7257,23.4158525122143
2012,SEN,Senegal,1.3255429378483049e+29,Senegal,15361066998.8901,23.455102028326856
2013,SEN,Senegal,1.3625017107967538e+29,Senegal,15731635117.4164,23.4789394975918
2014,SEN,Senegal,1.360571872900057e+29,Senegal,16710783797.4248,23.53932008434384
2015,SEN,Senegal,1.511436008057142e+29,Senegal,17774766696.1759,23.601045687158628
2016,SEN,Senegal,1.4738402679723074e+29,Senegal,18904543055.8656,23.66266810345319
2017,SEN,Senegal,1.517437688595235e+29,Senegal,20304894471.3123,23.734127800893734
2018,SEN,Senegal,1.3353681104641306e+29,Senegal,21565674310.7132,23.7943687353129
2019,SEN,Senegal,1.4934094213597226e+29,Senegal,22560634320.127,23.839472380207894
2020,SEN,Senegal,1.5842499689344122e+29,Senegal,22863414676.2849,23.852803857573765
2021,SEN,Senegal,1.543015224195864e+29,Senegal,24359596784.117,23.916191727274967
2022,SEN,Senegal,1.4792607183639024e+29,Senegal,25297546478.5042,23.95397325084308
2023,SEN,Senegal,1.7448799568337124e+29,Senegal,26374572022.2227,23.995666201965403
2024,SEN,Senegal,1.5498019184721128e+29,Senegal,27973016519.3217,24.05450618672982
2025,SEN,Senegal,1.5057577302105008e+29,,,
2005,SLE,Sierra Leone,2.4490795025669126e+28,Sierra Leone,4637426225.10187,22.2574253564196
2006,SLE,Sierra Leone,2.613153161799501e+28,Sierra Leone,4836052320.36646,22.29936458857477
2007,SLE,Sierra Leone,2.829630028999732e+28,Sierra Leone,5017392581.4315,22.33617622962264
2008,SLE,Sierra Leone,2.7278677254591068e+28,Sierra Leone,5202336667.33238,22.37237372070461
2009,SLE,Sierra Leone,2.8445660123236124e+28,Sierra Leone,5281974205.57014,22.387565767350537
2010,SLE,Sierra Leone,2.151309974443425e+28,Sierra Leone,5617678842.06416,22.449184398110518
2011,SLE,Sierra Leone,2.348906251325573e+28,Sierra Leone,6072747634.58121,22.52707699768492
2012,SLE,Sierra Leone,2.708521374780601e+28,Sierra Leone,6715143020.4477,22.62763096534673
2013,SLE,Sierra Leone,2.4502935768677127e+28,Sierra Leone,7699806185.67422,22.7644609947976
2014,SLE,Sierra Leone,2.216386513839325e+28,Sierra Leone,7098065167.70102,22.683088072264244
2015,SLE,Sierra Leone,2.740433700009427e+28,Sierra Leone,6788352974.78329,22.638474182787203
2016,SLE,Sierra Leone,2.403979721236665e+28,Sierra Leone,7225348888.80731,22.700861358887305
2017,SLE,Sierra Leone,2.3062273769032466e+28,Sierra Leone,7457128029.04966,22.7324361943361
2018,SLE,Sierra Leone,2.562843538681458e+28,Sierra Leone,7672926606.69678,22.76096394495828
2019,SLE,Sierra Leone,2.349428127621593e+28,Sierra Leone,8095145458.32686,22.814530392824626
2020,SLE,Sierra Leone,2.581483407700545e+28,Sierra Leone,7993685031.06354,22.80191769579176
2021,SLE,Sierra Leone,2.4854042708292714e+28,Sierra Leone,8465060863.02376,22.85921304246712
2022,SLE,Sierra Leone,2.7715379176360453e+28,Sierra Leone,8914856495.10508,22.910984991116266
2023,SLE,Sierra Leone,2.1880786932422272e+28,Sierra Leone,9423896753.16695,22.96651450806207
2024,SLE,Sierra Leone,2.4096038472501266e+28,Sierra Leone,9828485690.6466,23.008550709456973
2025,SLE,Sierra Leone,2.2375566895220603e+28,,,
2005,SOM,Somalia,6.204111376846492e+28,"Somalia, Fed. Rep.",2932027546.4602,21.79896001603589
2006,SOM,Somalia,6.289054222571192e+28,"Somalia, Fed. Rep.",3122209723.10745,21.861806832666684
2007,SOM,Somalia,6.054167051628524e+28,"Somalia, Fed. Rep.",3331221429.82663,21.926604869429383
2008,SOM,Somalia,6.1309868657669735e+28,"Somalia, Fed. Rep.",3554225115.76575,21.991402906193915
2009,SOM,Somalia,5.916802325299443e+28,"Somalia, Fed. Rep.",3792157453.24222,22.05620094295664
2010,SOM,Somalia,6.189208706094382e+28,"Somalia, Fed. Rep.",4046017818.73357,22.12099897971924
2011,SOM,Somalia,6.372527940773326e+28,"Somalia, Fed. Rep.",4316872490.49444,22.18579701648276
2012,SOM,Somalia,6.7508270402760215e+28,"Somalia, Fed. Rep.",4605859127.18469,22.25059505324512
2013,SOM,Somalia,6.234072079151067e+28,"Somalia, Fed. Rep.",5110628982.78701,22.35458832219527
2014,SOM,Somalia,6.387479599897148e+28,"Somalia, Fed. Rep.",5569461554.68169,22.440564217394503
2015,SOM,Somalia,6.683026725107766e+28,"Somalia, Fed. Rep.",6152149099.99942,22.54006730487678
2016,SOM,Somalia,6.39185676794288e+28,"Somalia, Fed. Rep.",6584944951.37229,22.608051812406224
2017,SOM,Somalia,6.150567472079782e+28,"Somalia, Fed. Rep.",7555288980.07721,22.745513682115263
2018,SOM,Somalia,6.724071503969804e+28,"Somalia, Fed. Rep.",7710498420.37301,22.76584866839497
2019,SOM,Somalia,5.891090836095398e+28,"Somalia, Fed. Rep.",7926418061.75135,22.79346707593952
2020,SOM,Somalia,6.51549528567842e+28,"Somalia, Fed. Rep.",7707287719.38597,22.765432175261083
2021,SOM,Somalia,5.998524465091536e+28,"Somalia, Fed. Rep.",7972973226.06341,22.799323312385557
2022,SOM,Somalia,6.175615280587155e+28,"Somalia, Fed. Rep.",8189695542.68851,22.8261425598455
2023,SOM,Somalia,5.750269154848089e+28,"Somalia, Fed. Rep.",8531635197.80811,22.86704687970378
2024,SOM,Somalia,6.60738076285369e+28,"Somalia, Fed. Rep.",8882404280.64207,22.90733810962825
2025,SOM,Somalia,5.739006586928807e+28,,,
2005,STP,Sao Tome and Principe,1.2048415658286022e+28,Sao Tome and Principe,176048759.302531,18.98627155612517
2006,STP,Sao Tome and Principe,1.2513880248248636e+28,Sao Tome and Principe,191657434.828232,19.07122014281992
2007,STP,Sao Tome and Principe,1.3140049169874813e+28,Sao Tome and Principe,198636586.369116,19.10698751400401
2008,STP,Sao Tome and Principe,1.4628287121122435e+28,Sao Tome and Principe,211009232.403659,19.16741244595068
2009,STP,Sao Tome and Principe,1.3550422255403773e+28,Sao Tome and Principe,217977600.590737,19.199902865890486
2010,STP,Sao Tome and Principe,1.5118327119100106e+28,Sao Tome and Principe,221134908.544338,19.2142835191377
2011,STP,Sao Tome and Principe,1.4391214018409796e+28,Sao Tome and Principe,225556350.897449,19.234080578804
2012,STP,Sao Tome and Principe,1.589867498839081e+28,Sao Tome and Principe,232194345.227845,19.263085273907603
2013,STP,Sao Tome and Principe,1.441612861022906e+28,Sao Tome and Principe,244081946.538405,19.313014573342542
2014,STP,Sao Tome and Principe,1.4708345676603385e+28,Sao Tome and Principe,256057120.595489,19.360911104880767
2015,STP,Sao Tome and Principe,1.284658453516287e+28,Sao Tome and Principe,259999643.047388,19.3761908160842
2016,STP,Sao Tome and Principe,1.3851312957981743e+28,Sao Tome and Principe,273459368.754364,19.42666360847702
2017,STP,Sao Tome and Principe,1.44625597331807e+28,Sao Tome and Principe,284706696.977306,19.46697007489857
2018,STP,Sao Tome and Principe,1.6177271771977462e+28,Sao Tome and Principe,297171520.830854,19.509820041286545
2019,STP,Sao Tome and Principe,1.4417176710008745e+28,Sao Tome and Principe,303157496.465873,19.529763018745864
2020,STP,Sao Tome and Principe,1.1812445649196607e+28,Sao Tome and Principe,311114954.79799,19.555673031422856
2021,STP,Sao Tome and Principe,1.1029831336354396e+28,Sao Tome and Principe,317023957.753826,19.574487905496287
2022,STP,Sao Tome and Principe,1.1595567021864708e+28,Sao Tome and Principe,317558772.390522,19.576173469057707
2023,STP,Sao Tome and Principe,8.512152605316275e+27,Sao Tome and Principe,318740893.733006,19.579889085348054
2024,STP,Sao Tome and Principe,1.2992279721356433e+28,Sao Tome and Principe,322247041.654835,19.590829019461637
2025,STP,Sao Tome and Principe,1.2274642040418156e+28,,,
2005,TCD,Chad,1.7122520454585264e+29,Chad,9841348751.69791,23.00985860687956
2006,TCD,Chad,1.7850337329672638e+29,Chad,9787927000.51755,23.004415524439928
2007,TCD,Chad,1.726291039021413e+29,Chad,10199036983.3526,23.045559139382608
2008,TCD,Chad,1.6955286653064352e+29,Chad,10513288725.5159,23.075905886828533
2009,TCD,Chad,1.6292863341878496e+29,Chad,10365231906.8954,23.061722956621043
2010,TCD,Chad,1.6547947053006284e+29,Chad,11782555814.4129,23.189885953811235
2011,TCD,Chad,1.6125264769685983e+29,Chad,12312232324.3094,23.233859103050687
2012,TCD,Chad,1.756462172109266e+29,Chad,13427942676.0538,23.320603647068925
2013,TCD,Chad,1.8485097318835596e+29,Chad,13809056592.5367,23.348590488676923
2014,TCD,Chad,1.7338647908774154e+29,Chad,14093914057.3116,23.369008914011705
2015,TCD,Chad,1.7319375528333538e+29,Chad,14559599499.5011,23.401516372434237
2016,TCD,Chad,1.804106725723672e+29,Chad,13959379525.7795,23.359417486715454
2017,TCD,Chad,1.6492187920718787e+29,Chad,13733590857.5857,23.34311055622392
2018,TCD,Chad,1.6254929160189148e+29,Chad,14522052213.2592,23.39893417335725
2019,TCD,Chad,1.588637271946724e+29,Chad,15303748438.8629,23.451363631342293
2020,TCD,Chad,1.5935314098985087e+29,Chad,15243505756.0454,23.44741939723649
2021,TCD,Chad,1.5908716744837703e+29,Chad,15288236703.0071,23.450349526692776
2022,TCD,Chad,1.6048274414166772e+29,Chad,15919594857.6964,23.490816568401662
2023,TCD,Chad,1.6489542981190013e+29,Chad,16553201687.3505,23.529845375488428
2024,TCD,Chad,1.57010594626183e+29,Chad,17248313422.9922,23.570980203063566
2025,TCD,Chad,1.5503277413403648e+29,,,
2005,TGO,Togo,2.1087433830769834e+28,Togo,3683570962.95413,22.02714848899025
2006,TGO,Togo,1.924797134233604e+28,Togo,3781190459.44883,22.053304733357987
2007,TGO,Togo,2.0716106633236928e+28,Togo,3736756295.1134,22.041483771278116
2008,TGO,Togo,2.075728933700856e+28,Togo,3887557323.6915,22.081046859987165
2009,TGO,Togo,1.820180187609682e+28,Togo,4099577351.44505,22.13414972032965
2010,TGO,Togo,1.8425541039547887e+28,Togo,4339580301.80856,22.19104347573012
2011,TGO,Togo,2.0100155449793683e+28,Togo,4592285181.71423,22.247643598067143
2012,TGO,Togo,1.922215879959577e+28,Togo,4881723795.11932,22.30876423114285
2013,TGO,Togo,1.994187038697724e+28,Togo,5166047627.07863,22.36537375091141
2014,TGO,Togo,1.819441685124308e+28,Togo,5457063353.66745,22.42017663469782
2015,TGO,Togo,1.9031049355446224e+28,Togo,5755457836.01866,22.47341443043358
2016,TGO,Togo,2.12436582847514e+28,Togo,5998044851.32381,22.51469939495848
2017,TGO,Togo,1.8950770563377889e+28,Togo,6238441246.41392,22.55399618786829
2018,TGO,Togo,1.9491663822746957e+28,Togo,6537585941.16754,22.600833812127533
2019,TGO,Togo,1.851312724232092e+28,Togo,6859420393.24743,22.6488887843344
2020,TGO,Togo,1.7849605317537664e+28,Togo,7007740719.48155,22.670281192105197
2021,TGO,Togo,1.7576949513295398e+28,Togo,7367160812.92227,22.720298233229567
2022,TGO,Togo,1.7213742015748216e+28,Togo,7830882103.10093,22.7813409974494
2023,TGO,Togo,1.5592794666557925e+28,Togo,8315779388.69167,22.841420678053936
2024,TGO,Togo,1.5857047556533144e+28,Togo,8858969845.08846,22.904696324497444
2025,TGO,Togo,1.7673620454820917e+28,,,
2005,TZA,Tanzania,1.3758430883654023e+29,Tanzania,25882267435.0187,23.97682391615004
2006,TZA,Tanzania,1.1126161316881723e+29,Tanzania,27572954444.2321,24.04010121780156
2007,TZA,Tanzania,1.3269075525976876e+29,Tanzania,29439239572.2798,24.105594300727564
2008,TZA,Tanzania,1.1816540386257905e+29,Tanzania,31113277454.4947,24.160900492821117
2009,TZA,Tanzania,1.2709999498080264e+29,Tanzania,32752668789.9028,24.212250285475587
2010,TZA,Tanzania,1.4023159222203557e+29,Tanzania,34828049320.6343,24.273688914031972
2011,TZA,Tanzania,1.3941572081928402e+29,Tanzania,37500111399.4432,24.34760974057018
2012,TZA,Tanzania,1.5636925686834357e+29,Tanzania,39187673997.6272,24.39162809546053
2013,TZA,Tanzania,1.4162815288827144e+29,Tanzania,41845219654.6812,24.45724340166305
2014,TZA,Tanzania,1.4388444053455762e+29,Tanzania,44662433111.6494,24.522398562654725
2015,TZA,Tanzania,1.5294049912408556e+29,Tanzania,47413919817.124,24.58218168956365
2016,TZA,Tanzania,1.3502202868754874e+29,Tanzania,50669888784.2555,24.648597661528637
2017,TZA,Tanzania,1.3711914676188982e+29,Tanzania,54078588995.4215,24.713704177279748
2018,TZA,Tanzania,1.423935446220805e+29,Tanzania,57054358529.8857,24.76727030875672
2019,TZA,Tanzania,1.2584026511000729e+29,Tanzania,60363511324.6004,24.823650642192515
2020,TZA,Tanzania,1.319255583173621e+29,Tanzania,61565931105.4141,24.84337448801766
2021,TZA,Tanzania,1.3481737091516896e+29,Tanzania,64226431583.1539,24.885680669817003
2022,TZA,Tanzania,1.3078503415520148e+29,Tanzania,67159014151.451,24.93032898994514
2023,TZA,Tanzania,1.2921746300793185e+29,Tanzania,70563656177.7408,24.979781063880477
2024,TZA,Tanzania,1.2590355406500412e+29,Tanzania,74463225268.4644,25.033571219903667
2025,TZA,Tanzania,1.18906340321283e+29,,,
2005,UGA,Uganda,8.73329940071625e+28,Uganda,16901146460.5212,23.550647294475212
2006,UGA,Uganda,9.30032581211088e+28,Uganda,18723891904.5488,23.65306618727148
2007,UGA,Uganda,8.98145144867599e+28,Uganda,20299025448.8812,23.73383871439748
2008,UGA,Uganda,8.157316205014103e+28,Uganda,22066817213.6558,23.8173408335691
2009,UGA,Uganda,9.163504919181685e+28,Uganda,23567695614.7273,23.88314278139011
2010,UGA,Uganda,9.957641482889778e+28,Uganda,24896350765.3932,23.93798707407005
2011,UGA,Uganda,9.536890092628532e+28,Uganda,27234530259.5375,24.027751499957063
2012,UGA,Uganda,9.81215533902502e+28,Uganda,28279643267.7641,24.065408063601165
2013,UGA,Uganda,8.695064326106174e+28,Uganda,29294007439.7726,24.100648807811652
2014,UGA,Uganda,8.490082745606329e+28,Uganda,30789849487.5724,24.15045091051661
2015,UGA,Uganda,1.007740490103097e+29,Uganda,32387183730.1002,24.201028617602866
2016,UGA,Uganda,8.283689144367399e+28,Uganda,33935615078.9833,24.24773089214734
2017,UGA,Uganda,9.087190981335932e+28,Uganda,34998276801.8745,24.278564662991624
2018,UGA,Uganda,9.123837369181642e+28,Uganda,37204541496.6985,24.339696674018544
2019,UGA,Uganda,8.150760165084326e+28,Uganda,39600047064.28,24.40209614369806
2020,UGA,Uganda,7.847541493455402e+28,Uganda,40768765796.4748,24.43118208097388
2021,UGA,Uganda,8.828854368504568e+28,Uganda,42210585952.7826,24.46593687849196
2022,UGA,Uganda,9.46556263446578e+28,Uganda,44147216889.624,24.510795724401817
2023,UGA,Uganda,7.682844907766742e+28,Uganda,46503341915.459,24.562790016106916
2024,UGA,Uganda,7.768302236076001e+28,Uganda,49319389340.67,24.62158313358987
2025,UGA,Uganda,6.718283050433868e+28,,,
2005,ZAF,South Africa,2.0928747483543395e+30,South Africa,267546870424.295,26.31256060447327
2006,ZAF,South Africa,2.452557657740241e+30,South Africa,282539679229.874,26.367084835120565
2007,ZAF,South Africa,2.438579351374397e+30,South Africa,297685145427.081,26.4193022059304
2008,ZAF,South Africa,2.27283993581668e+30,South Africa,307184409060.741,26.45071408517661
2009,ZAF,South Africa,2.2029882205906363e+30,South Africa,302459639039.778,26.435213680853558
2010,ZAF,South Africa,2.376989012712804e+30,South Africa,311653604140.269,26.46515816483926
2011,ZAF,South Africa,2.1282871403175815e+30,South Africa,321528523981.702,26.496352098249066
2012,ZAF,South Africa,1.8734731719810295e+30,South Africa,329233094599.263,26.52003183107092
2013,ZAF,South Africa,2.0589908413094583e+30,South Africa,337416077838.151,26.54458265808108
2014,ZAF,South Africa,2.1465621296951257e+30,South Africa,342186555600.731,26.558621909499248
2015,ZAF,South Africa,2.0319130457348344e+30,South Africa,346709790458.563,26.57175392823078
2016,ZAF,South Africa,2.074180338316644e+30,South Africa,349013858372.625,26.578377467164547
2017,ZAF,South Africa,2.240939358327408e+30,South Africa,353055253707.071,26.58989040771313
2018,ZAF,South Africa,2.043488284167565e+30,South Africa,358551560868.533,26.605338310545488
2019,ZAF,South Africa,1.964168121410409e+30,South Africa,359483563936.676,26.60793429383197
2020,ZAF,South Africa,2.0092201982207927e+30,South Africa,337307318679.639,26.544260276613304
2021,ZAF,South Africa,1.9620288728779576e+30,South Africa,353695896167.047,26.591703330509382
2022,ZAF,South Africa,1.7913452543248368e+30,South Africa,360975440918.611,26.61207576226873
2023,ZAF,South Africa,1.650957540910694e+30,South Africa,363885280375.697,26.62010449110557
2024,ZAF,South Africa,1.6519046445742332e+30,South Africa,365831497261.341,26.625438674339428
2025,ZAF,South Africa,1.6415904477596107e+30,,,
2005,ZMB,Zambia,1.5497872859190553e+29,Zambia,10887711636.03,23.11090061737744
2006,ZMB,Zambia,2.006015624014128e+29,Zambia,11748243095.7729,23.186969542592777
2007,ZMB,Zambia,1.6743742076542875e+29,Zambia,12729507610.1931,23.26718856928557
2008,ZMB,Zambia,2.131129212203273e+29,Zambia,13719086269.626,23.34205385860261
2009,ZMB,Zambia,1.6313920228665864e+29,Zambia,14984033821.7868,23.43025105927911
2010,ZMB,Zambia,1.7779433990924404e+29,Zambia,16527123087.7163,23.528268691751855
2011,ZMB,Zambia,1.802466983826444e+29,Zambia,17447560252.6576,23.58246566221873
2012,ZMB,Zambia,1.636845515250225e+29,Zambia,18773117888.8094,23.655691783968987
2013,ZMB,Zambia,2.164961349015972e+29,Zambia,19722575262.7917,23.70502976901404
2014,ZMB,Zambia,1.7592234505381333e+29,Zambia,20648211567.0616,23.7508945456809
2015,ZMB,Zambia,2.0793834461420744e+29,Zambia,21251216798.7762,23.77967999179636
2016,ZMB,Zambia,2.206185380139035e+29,Zambia,22049221308.1088,23.816543123390684
2017,ZMB,Zambia,1.912205819528296e+29,Zambia,22826646593.6169,23.851194400742983
2018,ZMB,Zambia,1.7415159771887734e+29,Zambia,23747586257.2512,23.89074673098862
2019,ZMB,Zambia,2.026382561273728e+29,Zambia,24089861649.0155,23.905056910468925
2020,ZMB,Zambia,1.925999565127881e+29,Zambia,23418945736.8993,23.87681117859888
2021,ZMB,Zambia,1.6326632612663257e+29,Zambia,24879098747.8861,23.937293880201725
2022,ZMB,Zambia,1.957282237249037e+29,Zambia,26175604214.1895,23.988093677073245
2023,ZMB,Zambia,1.3535125385906968e+29,Zambia,27580695690.34,24.04038193344376
2024,ZMB,Zambia,1.7260579886269828e+29,Zambia,28634291574.827,24.07787084265128
2025,ZMB,Zambia,1.3283367639547806e+29,,,
2005,ZWE,Zimbabwe,1.9116013139806534e+29,Zimbabwe,13589857106.157,23.332589550422615
2006,ZWE,Zimbabwe,1.794991655427401e+29,Zimbabwe,13119457397.7207,23.29736226272609
2007,ZWE,Zimbabwe,1.845439240792066e+29,Zimbabwe,12640170700.3122,23.260145730345467
2008,ZWE,Zimbabwe,2.0201582283165616e+29,Zimbabwe,10406779091.4808,23.065723266460417
2009,ZWE,Zimbabwe,1.813560452791431e+29,Zimbabwe,11787972496.3516,23.19034556862874
2010,ZWE,Zimbabwe,2.1017245257240084e+29,Zimbabwe,14107304144.8004,23.369958524656116
2011,ZWE,Zimbabwe,2.0239345331641076e+29,Zimbabwe,16109682999.8506,23.5026863567133
2012,ZWE,Zimbabwe,2.0128138760509103e+29,Zimbabwe,18794430788.9262,23.656826428264583
2013,ZWE,Zimbabwe,2.164246632932899e+29,Zimbabwe,19168343271.8446,23.67652596730865
2014,ZWE,Zimbabwe,2.0287941435929448e+29,Zimbabwe,19623972034.3634,23.700017718828377
2015,ZWE,Zimbabwe,1.9085664788769116e+29,Zimbabwe,19973250000.0,23.71765971524892
2016,ZWE,Zimbabwe,2.179674493442009e+29,Zimbabwe,20124206636.7998,23.725189237700057
2017,ZWE,Zimbabwe,2.0804904324717954e+29,Zimbabwe,21076969325.2127,23.77144678013245
2018,ZWE,Zimbabwe,1.978854611382325e+29,Zimbabwe,22132908952.043,23.82033143072339
2019,ZWE,Zimbabwe,2.0238988285201764e+29,Zimbabwe,20731353612.1651,23.754913058520653
2020,ZWE,Zimbabwe,2.0175257067924462e+29,Zimbabwe,19110793941.1996,23.673519140185903
2021,ZWE,Zimbabwe,2.035120745763824e+29,Zimbabwe,20729099176.6536,23.754804307392188
2022,ZWE,Zimbabwe,2.0348896175411462e+29,Zimbabwe,22001713149.7897,23.81438615771797
2023,ZWE,Zimbabwe,1.807431016746434e+29,Zimbabwe,23178995952.2035,23.86651235865688
2024,ZWE,Zimbabwe,1.87957081965478e+29,Zimbabwe,23582865676.3961,23.88378625462889
2025,ZWE,Zimbabwe,1.9698972690980437e+29,,,
