Year,ISO,Country,National_Urban_NO2_Sum
2005,AGO,Angola,1.3373243186100984e+33
2006,AGO,Angola,2.813561770019803e+33
2007,AGO,Angola,1.571152519418448e+33
2008,AGO,Angola,2.790579108511022e+33
2009,AGO,Angola,1.7359243790749132e+33
2010,AGO,Angola,2.3137510228261508e+33
2011,AGO,Angola,1.6035155280053627e+33
2012,AGO,Angola,1.868844544896469e+33
2013,AGO,Angola,2.4673046592916368e+33
2014,AGO,Angola,1.573458276421053e+33
2015,AGO,Angola,1.9778975646984506e+33
2016,AGO,Angola,1.9229841871067926e+33
2017,AGO,Angola,2.3326906074246365e+33
2018,AGO,Angola,2.4196689054899429e+33
2019,AGO,Angola,2.752454440462738e+33
2020,AGO,Angola,3.2345189703805633e+33
2021,AGO,Angola,2.132570221121653e+33
2022,AGO,Angola,2.5649802445573725e+33
2023,AGO,Angola,1.380558248126875e+33
2024,AGO,Angola,2.1799081637604294e+33
2025,AGO,Angola,1.656614760968049e+33
2005,BDI,Burundi,6.415606862591333e+31
2006,BDI,Burundi,5.589709645647227e+31
2007,BDI,Burundi,5.200800238644849e+31
2008,BDI,Burundi,5.027121225661271e+31
2009,BDI,Burundi,6.016959203703871e+31
2010,BDI,Burundi,6.458574666159878e+31
2011,BDI,Burundi,6.335300212112513e+31
2012,BDI,Burundi,6.965041781431577e+31
2013,BDI,Burundi,5.487639782779271e+31
2014,BDI,Burundi,5.291299801337296e+31
2015,BDI,Burundi,6.009829303300856e+31
2016,BDI,Burundi,4.859158902805134e+31
2017,BDI,Burundi,5.63337538105008e+31
2018,BDI,Burundi,6.570864950193932e+31
2019,BDI,Burundi,5.684217408904965e+31
2020,BDI,Burundi,5.685983759582329e+31
2021,BDI,Burundi,5.287457259915592e+31
2022,BDI,Burundi,4.930722885166605e+31
2023,BDI,Burundi,3.12565610923604e+31
2024,BDI,Burundi,2.717236575351321e+31
2025,BDI,Burundi,3.99125882889023e+31
2005,BEN,Benin,3.1588800966975762e+32
2006,BEN,Benin,3.1971622407356545e+32
2007,BEN,Benin,3.124474691045655e+32
2008,BEN,Benin,2.6842082884083283e+32
2009,BEN,Benin,2.8572256932555975e+32
2010,BEN,Benin,2.8413485015316292e+32
2011,BEN,Benin,2.9839977791288074e+32
2012,BEN,Benin,3.1577687278957236e+32
2013,BEN,Benin,3.40186945679643e+32
2014,BEN,Benin,2.8575341859471884e+32
2015,BEN,Benin,3.330932485608214e+32
2016,BEN,Benin,3.592478176156933e+32
2017,BEN,Benin,3.2314957173938397e+32
2018,BEN,Benin,3.2548876069076976e+32
2019,BEN,Benin,2.914109674170548e+32
2020,BEN,Benin,2.861908798078662e+32
2021,BEN,Benin,3.1551659858159253e+32
2022,BEN,Benin,3.2190803336346234e+32
2023,BEN,Benin,3.164297148949176e+32
2024,BEN,Benin,2.9562499751076812e+32
2025,BEN,Benin,3.108999362058972e+32
2005,BFA,Burkina Faso,5.65250676131249e+32
2006,BFA,Burkina Faso,5.874638450050985e+32
2007,BFA,Burkina Faso,5.700744545920721e+32
2008,BFA,Burkina Faso,5.16207945868296e+32
2009,BFA,Burkina Faso,5.84258671274491e+32
2010,BFA,Burkina Faso,5.443483730220911e+32
2011,BFA,Burkina Faso,5.9177521483021474e+32
2012,BFA,Burkina Faso,5.864238168914635e+32
2013,BFA,Burkina Faso,5.9339064694536326e+32
2014,BFA,Burkina Faso,6.482289554021605e+32
2015,BFA,Burkina Faso,6.4117551197057615e+32
2016,BFA,Burkina Faso,6.812346169149996e+32
2017,BFA,Burkina Faso,6.658085566195497e+32
2018,BFA,Burkina Faso,6.2869243586763894e+32
2019,BFA,Burkina Faso,6.325325401623496e+32
2020,BFA,Burkina Faso,6.0996790917605075e+32
2021,BFA,Burkina Faso,6.628375889051853e+32
2022,BFA,Burkina Faso,6.442310761913517e+32
2023,BFA,Burkina Faso,6.756609464288188e+32
2024,BFA,Burkina Faso,5.436985476048176e+32
2025,BFA,Burkina Faso,6.661403633308602e+32
2005,BWA,Botswana,1.432509686861929e+33
2006,BWA,Botswana,1.1850594697663204e+33
2007,BWA,Botswana,1.381024493047591e+33
2008,BWA,Botswana,1.1561267198206583e+33
2009,BWA,Botswana,1.184393722171153e+33
2010,BWA,Botswana,1.1091731139871264e+33
2011,BWA,Botswana,8.502281227888495e+32
2012,BWA,Botswana,1.401219294716184e+33
2013,BWA,Botswana,1.3580805453183034e+33
2014,BWA,Botswana,1.6060956707094385e+33
2015,BWA,Botswana,1.401398339407656e+33
2016,BWA,Botswana,1.5279515802166472e+33
2017,BWA,Botswana,1.4644520373161984e+33
2018,BWA,Botswana,1.3150570567830244e+33
2019,BWA,Botswana,1.3460026059244045e+33
2020,BWA,Botswana,1.492760007062464e+33
2021,BWA,Botswana,1.1190981892622015e+33
2022,BWA,Botswana,9.768094063105242e+32
2023,BWA,Botswana,9.443646351385493e+32
2024,BWA,Botswana,1.1972118346847201e+33
2025,BWA,Botswana,1.2779367162606587e+33
2005,CAF,Central African Rep.,5.2106779979934685e+32
2006,CAF,Central African Rep.,7.03692634743215e+32
2007,CAF,Central African Rep.,3.630977871168732e+32
2008,CAF,Central African Rep.,4.6637420039377306e+32
2009,CAF,Central African Rep.,6.759016018917393e+32
2010,CAF,Central African Rep.,8.200736287464429e+32
2011,CAF,Central African Rep.,5.618036878155319e+32
2012,CAF,Central African Rep.,9.70219929007694e+32
2013,CAF,Central African Rep.,9.299435928313125e+32
2014,CAF,Central African Rep.,5.483991462342422e+32
2015,CAF,Central African Rep.,4.133463571137304e+32
2016,CAF,Central African Rep.,4.535860767759518e+32
2017,CAF,Central African Rep.,7.20867739208014e+32
2018,CAF,Central African Rep.,8.603918507563029e+32
2019,CAF,Central African Rep.,9.786104222784446e+32
2020,CAF,Central African Rep.,6.619144604921894e+32
2021,CAF,Central African Rep.,7.925114754834493e+32
2022,CAF,Central African Rep.,8.50763247862268e+32
2023,CAF,Central African Rep.,6.953172892477057e+32
2024,CAF,Central African Rep.,9.24369511984405e+32
2025,CAF,Central African Rep.,1.1317469679933495e+33
2005,CIV,Côte d'Ivoire,5.145724535312167e+32
2006,CIV,Côte d'Ivoire,4.335737099744873e+32
2007,CIV,Côte d'Ivoire,3.999632120191429e+32
2008,CIV,Côte d'Ivoire,3.719233236822813e+32
2009,CIV,Côte d'Ivoire,3.9933472048010304e+32
2010,CIV,Côte d'Ivoire,3.973965792730007e+32
2011,CIV,Côte d'Ivoire,4.241882068485195e+32
2012,CIV,Côte d'Ivoire,4.163392232046643e+32
2013,CIV,Côte d'Ivoire,3.8026312769591795e+32
2014,CIV,Côte d'Ivoire,4.0422724684306894e+32
2015,CIV,Côte d'Ivoire,4.744463324631754e+32
2016,CIV,Côte d'Ivoire,4.374967083607568e+32
2017,CIV,Côte d'Ivoire,4.8924118344454906e+32
2018,CIV,Côte d'Ivoire,5.175044756472757e+32
2019,CIV,Côte d'Ivoire,4.568674414646203e+32
2020,CIV,Côte d'Ivoire,4.653140563617012e+32
2021,CIV,Côte d'Ivoire,5.0350890846135026e+32
2022,CIV,Côte d'Ivoire,4.8323162300483204e+32
2023,CIV,Côte d'Ivoire,4.365196423083256e+32
2024,CIV,Côte d'Ivoire,4.36085851253559e+32
2025,CIV,Côte d'Ivoire,5.063040554012028e+32
2005,CMR,Cameroon,7.345379968959586e+32
2006,CMR,Cameroon,7.218490918387008e+32
2007,CMR,Cameroon,5.76624940153415e+32
2008,CMR,Cameroon,6.303107560066582e+32
2009,CMR,Cameroon,6.145573864813146e+32
2010,CMR,Cameroon,6.739015469360822e+32
2011,CMR,Cameroon,7.155662608999531e+32
2012,CMR,Cameroon,8.175674489245128e+32
2013,CMR,Cameroon,7.550707225344988e+32
2014,CMR,Cameroon,6.4361397325048575e+32
2015,CMR,Cameroon,6.930253980247188e+32
2016,CMR,Cameroon,6.541345701470453e+32
2017,CMR,Cameroon,7.010768187281464e+32
2018,CMR,Cameroon,8.058238864644718e+32
2019,CMR,Cameroon,7.562546022543708e+32
2020,CMR,Cameroon,6.908355208687062e+32
2021,CMR,Cameroon,6.749854812967034e+32
2022,CMR,Cameroon,7.287929595785204e+32
2023,CMR,Cameroon,5.618067938703393e+32
2024,CMR,Cameroon,6.1605145413027e+32
2025,CMR,Cameroon,5.9853489649818575e+32
2005,COD,Dem. Rep. Congo,3.0575729874296674e+33
2006,COD,Dem. Rep. Congo,3.725359864298645e+33
2007,COD,Dem. Rep. Congo,2.8114297261371606e+33
2008,COD,Dem. Rep. Congo,3.4696649624262286e+33
2009,COD,Dem. Rep. Congo,3.341046097791976e+33
2010,COD,Dem. Rep. Congo,3.731037345228793e+33
2011,COD,Dem. Rep. Congo,3.7075567369845925e+33
2012,COD,Dem. Rep. Congo,4.734120807435247e+33
2013,COD,Dem. Rep. Congo,3.993974916896536e+33
2014,COD,Dem. Rep. Congo,3.116537099578466e+33
2015,COD,Dem. Rep. Congo,3.5747973116531484e+33
2016,COD,Dem. Rep. Congo,1.707338173459758e+33
2017,COD,Dem. Rep. Congo,3.6649699594037634e+33
2018,COD,Dem. Rep. Congo,4.1589509094257177e+33
2019,COD,Dem. Rep. Congo,3.79753883227854e+33
2020,COD,Dem. Rep. Congo,4.157491596936198e+33
2021,COD,Dem. Rep. Congo,3.441991777370069e+33
2022,COD,Dem. Rep. Congo,4.0209100261361486e+33
2023,COD,Dem. Rep. Congo,3.067432756575181e+33
2024,COD,Dem. Rep. Congo,3.275736257640151e+33
2025,COD,Dem. Rep. Congo,3.7967508102811734e+33
2005,COG,Congo,4.5558402063523016e+32
2006,COG,Congo,4.645125858569023e+32
2007,COG,Congo,4.5340967350378565e+32
2008,COG,Congo,4.5102773321490254e+32
2009,COG,Congo,5.0264037280645475e+32
2010,COG,Congo,5.637543853323748e+32
2011,COG,Congo,5.182134715152161e+32
2012,COG,Congo,6.375413068591528e+32
2013,COG,Congo,4.6395212672580295e+32
2014,COG,Congo,5.236931364076453e+32
2015,COG,Congo,5.652463085047138e+32
2016,COG,Congo,4.509841436029871e+32
2017,COG,Congo,5.478261630315297e+32
2018,COG,Congo,6.2323737986714255e+32
2019,COG,Congo,5.742599602670297e+32
2020,COG,Congo,5.86113830833952e+32
2021,COG,Congo,5.66705199815483e+32
2022,COG,Congo,5.9041672861447745e+32
2023,COG,Congo,4.647924282800617e+32
2024,COG,Congo,3.994154573935419e+32
2025,COG,Congo,4.595813400384826e+32
2005,COM,Comoros,-5.771446758102201e+30
2006,COM,Comoros,-1.496591644702883e+31
2007,COM,Comoros,1.7158922802473414e+29
2008,COM,Comoros,-1.322235984247111e+29
2009,COM,Comoros,4.963933889127614e+29
2010,COM,Comoros,2.7991135264337813e+29
2011,COM,Comoros,5.8003023749474746e+29
2012,COM,Comoros,3.921834606164556e+29
2013,COM,Comoros,7.264132315331195e+29
2014,COM,Comoros,5.530302095254915e+29
2015,COM,Comoros,7.576352796617657e+29
2016,COM,Comoros,8.098675124610254e+29
2017,COM,Comoros,8.119441464791543e+29
2018,COM,Comoros,6.033083447738234e+29
2019,COM,Comoros,7.643952838949873e+29
2020,COM,Comoros,5.068729430093446e+29
2021,COM,Comoros,6.761640418073025e+29
2022,COM,Comoros,8.77516790633287e+29
2023,COM,Comoros,5.79599061165881e+29
2024,COM,Comoros,3.996670639938356e+29
2025,COM,Comoros,5.2338325096840445e+29
2005,CPV,Cabo Verde,8.261708859366785e+29
2006,CPV,Cabo Verde,6.716013250213986e+29
2007,CPV,Cabo Verde,7.634551455091413e+29
2008,CPV,Cabo Verde,6.916772500117981e+29
2009,CPV,Cabo Verde,7.267978744518213e+29
2010,CPV,Cabo Verde,8.027350229129869e+29
2011,CPV,Cabo Verde,7.975812086291799e+29
2012,CPV,Cabo Verde,7.443799713813223e+29
2013,CPV,Cabo Verde,6.674855413230867e+29
2014,CPV,Cabo Verde,2.285865670301842e+29
2015,CPV,Cabo Verde,8.453895863027701e+29
2016,CPV,Cabo Verde,7.952182444972899e+29
2017,CPV,Cabo Verde,6.81903593335485e+29
2018,CPV,Cabo Verde,1.639034066311017e+29
2019,CPV,Cabo Verde,5.9387966988577324e+29
2020,CPV,Cabo Verde,5.529252020295584e+29
2021,CPV,Cabo Verde,5.125389429945487e+29
2022,CPV,Cabo Verde,5.7128125202655976e+29
2023,CPV,Cabo Verde,6.843279351303446e+29
2024,CPV,Cabo Verde,7.880060587099082e+29
2025,CPV,Cabo Verde,8.831619356756735e+29
2005,ERI,Eritrea,2.6510865906428926e+32
2006,ERI,Eritrea,2.6556837784322094e+32
2007,ERI,Eritrea,2.538955655061742e+32
2008,ERI,Eritrea,2.582939891788065e+32
2009,ERI,Eritrea,2.733732213903387e+32
2010,ERI,Eritrea,2.822495067514794e+32
2011,ERI,Eritrea,1.7068588934113652e+32
2012,ERI,Eritrea,2.632832761770051e+32
2013,ERI,Eritrea,2.7187323275024157e+32
2014,ERI,Eritrea,3.040492695544446e+32
2015,ERI,Eritrea,2.779020717946645e+32
2016,ERI,Eritrea,3.0312376445373945e+32
2017,ERI,Eritrea,3.0798156630814296e+32
2018,ERI,Eritrea,2.6814055556892693e+32
2019,ERI,Eritrea,3.072719322700591e+32
2020,ERI,Eritrea,2.808010810675636e+32
2021,ERI,Eritrea,2.8490133894048368e+32
2022,ERI,Eritrea,2.6053287409187696e+32
2023,ERI,Eritrea,2.9548970587071795e+32
2024,ERI,Eritrea,2.65437368269276e+32
2025,ERI,Eritrea,2.7804057061175215e+32
2005,ETH,Ethiopia,1.759056313752428e+33
2006,ETH,Ethiopia,1.782523771099455e+33
2007,ETH,Ethiopia,1.6806174961339916e+33
2008,ETH,Ethiopia,1.619077588047293e+33
2009,ETH,Ethiopia,1.7516008470440932e+33
2010,ETH,Ethiopia,1.9178112639967208e+33
2011,ETH,Ethiopia,1.825237948391065e+33
2012,ETH,Ethiopia,1.8258120300036202e+33
2013,ETH,Ethiopia,1.9845515107763567e+33
2014,ETH,Ethiopia,1.9137491946964644e+33
2015,ETH,Ethiopia,1.847274647859164e+33
2016,ETH,Ethiopia,1.8517169109305665e+33
2017,ETH,Ethiopia,1.794335844339011e+33
2018,ETH,Ethiopia,1.8748149205519764e+33
2019,ETH,Ethiopia,1.9875435346617013e+33
2020,ETH,Ethiopia,1.9688465473036515e+33
2021,ETH,Ethiopia,1.8373707405648432e+33
2022,ETH,Ethiopia,1.8626293266188903e+33
2023,ETH,Ethiopia,1.6551383554696743e+33
2024,ETH,Ethiopia,1.792367867208157e+33
2025,ETH,Ethiopia,1.7022093581359578e+33
2005,GAB,Gabon,2.941029754731337e+32
2006,GAB,Gabon,2.7730253282760573e+32
2007,GAB,Gabon,2.9968566174187923e+32
2008,GAB,Gabon,3.4204104887956256e+32
2009,GAB,Gabon,3.188360327283528e+32
2010,GAB,Gabon,3.932233564951153e+32
2011,GAB,Gabon,3.9756323131021194e+32
2012,GAB,Gabon,4.244055428960345e+32
2013,GAB,Gabon,3.423304013429871e+32
2014,GAB,Gabon,3.505999625309045e+32
2015,GAB,Gabon,3.616852049521193e+32
2016,GAB,Gabon,3.40225393893187e+32
2017,GAB,Gabon,3.631275390262681e+32
2018,GAB,Gabon,4.026561708644138e+32
2019,GAB,Gabon,3.892093028428793e+32
2020,GAB,Gabon,3.59548996919277e+32
2021,GAB,Gabon,3.850716307936993e+32
2022,GAB,Gabon,3.8572222910450694e+32
2023,GAB,Gabon,2.9193045610587644e+32
2024,GAB,Gabon,2.7875394330068935e+32
2025,GAB,Gabon,3.0852714316941523e+32
2005,GHA,Ghana,3.998464234071379e+32
2006,GHA,Ghana,3.736063673719823e+32
2007,GHA,Ghana,4.300937025759446e+32
2008,GHA,Ghana,3.5851505983061404e+32
2009,GHA,Ghana,3.135710263194298e+32
2010,GHA,Ghana,3.2592149142448954e+32
2011,GHA,Ghana,2.7295598404596526e+32
2012,GHA,Ghana,4.14626721118648e+32
2013,GHA,Ghana,3.7801048570099064e+32
2014,GHA,Ghana,3.383099617023529e+32
2015,GHA,Ghana,3.529522000154806e+32
2016,GHA,Ghana,4.3386592732328624e+32
2017,GHA,Ghana,3.8721338473250764e+32
2018,GHA,Ghana,4.3543512998215126e+32
2019,GHA,Ghana,3.654919018074932e+32
2020,GHA,Ghana,3.689600822279638e+32
2021,GHA,Ghana,4.399041570881945e+32
2022,GHA,Ghana,3.6590739161931374e+32
2023,GHA,Ghana,3.917475541247205e+32
2024,GHA,Ghana,3.721775233468481e+32
2025,GHA,Ghana,5.078043423031619e+32
2005,GIN,Guinea,-1.1795449290601862e+32
2006,GIN,Guinea,-1.574317114537636e+32
2007,GIN,Guinea,-3.070004277511569e+32
2008,GIN,Guinea,-2.354893515863503e+32
2009,GIN,Guinea,-3.653924537203993e+32
2010,GIN,Guinea,-1.1173915389770473e+32
2011,GIN,Guinea,-1.8528496051209103e+32
2012,GIN,Guinea,-3.6216486622744515e+32
2013,GIN,Guinea,-1.9579801516235987e+32
2014,GIN,Guinea,-2.224920531809457e+32
2015,GIN,Guinea,-2.265753354049001e+32
2016,GIN,Guinea,-6.209223509909374e+32
2017,GIN,Guinea,-7.082839641379706e+31
2018,GIN,Guinea,2.4867708645268547e+31
2019,GIN,Guinea,-1.2892693954911286e+32
2020,GIN,Guinea,-3.058395876901079e+31
2021,GIN,Guinea,2.6605718058312923e+31
2022,GIN,Guinea,6.102038112962708e+31
2023,GIN,Guinea,5.885174506901933e+31
2024,GIN,Guinea,2.880202216177537e+31
2025,GIN,Guinea,1.9494836959913816e+32
2005,GMB,Gambia,1.6577553773857505e+31
2006,GMB,Gambia,1.059952465336193e+31
2007,GMB,Gambia,1.5930875639873607e+31
2008,GMB,Gambia,1.8240525897520124e+31
2009,GMB,Gambia,1.5377638676272242e+31
2010,GMB,Gambia,1.760787695763978e+31
2011,GMB,Gambia,1.6423139291325541e+31
2012,GMB,Gambia,1.7259196723839678e+31
2013,GMB,Gambia,1.835983514887479e+31
2014,GMB,Gambia,1.908276170109402e+31
2015,GMB,Gambia,2.071981038048998e+31
2016,GMB,Gambia,1.87251455484036e+31
2017,GMB,Gambia,1.793957362114511e+31
2018,GMB,Gambia,1.3154988340461347e+31
2019,GMB,Gambia,1.9072206514311617e+31
2020,GMB,Gambia,1.4327041632864791e+31
2021,GMB,Gambia,1.917523835972518e+31
2022,GMB,Gambia,1.6139106830219717e+31
2023,GMB,Gambia,1.8383732076871367e+31
2024,GMB,Gambia,1.0444189392203135e+31
2025,GMB,Gambia,1.7100890065713388e+31
2005,GNB,Guinea-Bissau,2.2154773724194445e+31
2006,GNB,Guinea-Bissau,2.8614173027777726e+31
2007,GNB,Guinea-Bissau,4.0195524773694753e+30
2008,GNB,Guinea-Bissau,1.0641692780030966e+31
2009,GNB,Guinea-Bissau,6.959790730744412e+30
2010,GNB,Guinea-Bissau,1.6435850645188106e+31
2011,GNB,Guinea-Bissau,7.316538630121238e+28
2012,GNB,Guinea-Bissau,-2.4422692800254603e+30
2013,GNB,Guinea-Bissau,2.2275931736511767e+31
2014,GNB,Guinea-Bissau,1.6186370524467888e+31
2015,GNB,Guinea-Bissau,-1.8994700011506282e+30
2016,GNB,Guinea-Bissau,-4.5980410345449335e+30
2017,GNB,Guinea-Bissau,3.4297077936757676e+31
2018,GNB,Guinea-Bissau,2.150664078814388e+31
2019,GNB,Guinea-Bissau,2.2916291092519273e+31
2020,GNB,Guinea-Bissau,5.466935309709826e+30
2021,GNB,Guinea-Bissau,3.6103334855610573e+31
2022,GNB,Guinea-Bissau,3.370141077861021e+31
2023,GNB,Guinea-Bissau,2.7577072902901447e+31
2024,GNB,Guinea-Bissau,1.7261352714626546e+31
2025,GNB,Guinea-Bissau,3.1534629479548336e+31
2005,GNQ,Eq. Guinea,2.858092407858633e+31
2006,GNQ,Eq. Guinea,3.116540190894023e+31
2007,GNQ,Eq. Guinea,3.148303037406435e+31
2008,GNQ,Eq. Guinea,3.432339915414415e+31
2009,GNQ,Eq. Guinea,3.079472160054445e+31
2010,GNQ,Eq. Guinea,3.666841845071309e+31
2011,GNQ,Eq. Guinea,3.3770029356242724e+31
2012,GNQ,Eq. Guinea,4.0172487401012517e+31
2013,GNQ,Eq. Guinea,3.353076796537701e+31
2014,GNQ,Eq. Guinea,3.2201270663307375e+31
2015,GNQ,Eq. Guinea,3.0963843589413487e+31
2016,GNQ,Eq. Guinea,3.1170878518812817e+31
2017,GNQ,Eq. Guinea,3.0591059427476028e+31
2018,GNQ,Eq. Guinea,3.5038135165966843e+31
2019,GNQ,Eq. Guinea,3.4060053268625926e+31
2020,GNQ,Eq. Guinea,3.164697737779508e+31
2021,GNQ,Eq. Guinea,3.577939776130056e+31
2022,GNQ,Eq. Guinea,3.1941804401797212e+31
2023,GNQ,Eq. Guinea,2.4360947368212078e+31
2024,GNQ,Eq. Guinea,2.1139653617914253e+31
2025,GNQ,Eq. Guinea,2.6154168611100877e+31
2005,KEN,Kenya,9.692981115110402e+32
2006,KEN,Kenya,9.308653196602096e+32
2007,KEN,Kenya,9.300216905926697e+32
2008,KEN,Kenya,9.223515024185781e+32
2009,KEN,Kenya,9.73284010033078e+32
2010,KEN,Kenya,1.0274356083640415e+33
2011,KEN,Kenya,1.0059568051369318e+33
2012,KEN,Kenya,1.0029016309139448e+33
2013,KEN,Kenya,9.426086502702204e+32
2014,KEN,Kenya,9.863019194474578e+32
2015,KEN,Kenya,9.63014490720917e+32
2016,KEN,Kenya,8.889934807394012e+32
2017,KEN,Kenya,9.739470956912691e+32
2018,KEN,Kenya,1.0372779273827696e+33
2019,KEN,Kenya,9.719274291386836e+32
2020,KEN,Kenya,9.523945198820645e+32
2021,KEN,Kenya,9.91596637150688e+32
2022,KEN,Kenya,9.867979349895824e+32
2023,KEN,Kenya,8.98137719246875e+32
2024,KEN,Kenya,9.031720670386522e+32
2025,KEN,Kenya,8.534998282466197e+32
2005,LBR,Liberia,1.1619776896989943e+32
2006,LBR,Liberia,7.909280175877914e+31
2007,LBR,Liberia,3.4828143976996155e+31
2008,LBR,Liberia,6.705833454651852e+31
2009,LBR,Liberia,-1.4370404141765718e+32
2010,LBR,Liberia,6.819783019562929e+31
2011,LBR,Liberia,6.696464693121049e+31
2012,LBR,Liberia,1.7642458142937506e+30
2013,LBR,Liberia,6.306354680494496e+31
2014,LBR,Liberia,-2.962996427495187e+30
2015,LBR,Liberia,-5.088064685822393e+31
2016,LBR,Liberia,-1.6199602122247208e+31
2017,LBR,Liberia,1.4133858223088162e+31
2018,LBR,Liberia,6.222465608420917e+31
2019,LBR,Liberia,-4.753604828150284e+31
2020,LBR,Liberia,2.109875157982526e+31
2021,LBR,Liberia,6.624300588884344e+31
2022,LBR,Liberia,4.362835589894323e+31
2023,LBR,Liberia,-3.853938615423916e+31
2024,LBR,Liberia,-3.289952256998009e+31
2025,LBR,Liberia,-5.724201415499142e+30
2005,LSO,Lesotho,6.904679951958127e+31
2006,LSO,Lesotho,8.333562978707707e+31
2007,LSO,Lesotho,6.884220972442405e+31
2008,LSO,Lesotho,7.383165313163415e+31
2009,LSO,Lesotho,7.371191932509248e+31
2010,LSO,Lesotho,7.133655839403196e+31
2011,LSO,Lesotho,6.866971567748379e+31
2012,LSO,Lesotho,8.05697355271265e+31
2013,LSO,Lesotho,7.193159918901831e+31
2014,LSO,Lesotho,7.487175574183674e+31
2015,LSO,Lesotho,8.701823704360842e+31
2016,LSO,Lesotho,7.91163129093384e+31
2017,LSO,Lesotho,7.751120357728665e+31
2018,LSO,Lesotho,7.659464206076731e+31
2019,LSO,Lesotho,6.63052946208291e+31
2020,LSO,Lesotho,7.882726391899343e+31
2021,LSO,Lesotho,7.258980706371055e+31
2022,LSO,Lesotho,7.468010223617127e+31
2023,LSO,Lesotho,7.6775936489074785e+31
2024,LSO,Lesotho,7.732952282923289e+31
2025,LSO,Lesotho,6.606361270100766e+31
2005,MDG,Madagascar,1.0513813721276583e+33
2006,MDG,Madagascar,9.466326371449814e+32
2007,MDG,Madagascar,1.0037908353178115e+33
2008,MDG,Madagascar,9.894758151499692e+32
2009,MDG,Madagascar,8.137213347289664e+32
2010,MDG,Madagascar,9.404739848682686e+32
2011,MDG,Madagascar,9.159929582075841e+32
2012,MDG,Madagascar,1.0535141708636138e+33
2013,MDG,Madagascar,9.444552213289618e+32
2014,MDG,Madagascar,1.0413503179104287e+33
2015,MDG,Madagascar,1.1364935537630122e+33
2016,MDG,Madagascar,9.911870205904588e+32
2017,MDG,Madagascar,1.2079981425559998e+33
2018,MDG,Madagascar,1.0835016999184028e+33
2019,MDG,Madagascar,1.267775585272219e+33
2020,MDG,Madagascar,1.2604105890212083e+33
2021,MDG,Madagascar,1.1181007795016933e+33
2022,MDG,Madagascar,9.541865872051632e+32
2023,MDG,Madagascar,9.17482291448618e+32
2024,MDG,Madagascar,9.181767434477587e+32
2025,MDG,Madagascar,1.0146985777270407e+33
2005,MLI,Mali,2.030871721366136e+33
2006,MLI,Mali,1.976084326096162e+33
2007,MLI,Mali,2.0195184815632405e+33
2008,MLI,Mali,1.922193765158678e+33
2009,MLI,Mali,2.1481907139902324e+33
2010,MLI,Mali,2.0592098247095643e+33
2011,MLI,Mali,2.1461425031373036e+33
2012,MLI,Mali,2.1258722995151693e+33
2013,MLI,Mali,2.071073721263743e+33
2014,MLI,Mali,2.3001092278282047e+33
2015,MLI,Mali,2.215869679099914e+33
2016,MLI,Mali,2.351264847802562e+33
2017,MLI,Mali,2.4910725429137645e+33
2018,MLI,Mali,2.2239536076150012e+33
2019,MLI,Mali,2.3824370962668987e+33
2020,MLI,Mali,2.1854747081441627e+33
2021,MLI,Mali,2.3879881488969853e+33
2022,MLI,Mali,2.1234475318133142e+33
2023,MLI,Mali,2.3883630159129094e+33
2024,MLI,Mali,2.19191728821785e+33
2025,MLI,Mali,2.3656647361178432e+33
2005,MOZ,Mozambique,1.5493744159623447e+33
2006,MOZ,Mozambique,1.7771182238867931e+33
2007,MOZ,Mozambique,1.5150176868672054e+33
2008,MOZ,Mozambique,1.7142737893763925e+33
2009,MOZ,Mozambique,1.5410568049607064e+33
2010,MOZ,Mozambique,1.6449251584268146e+33
2011,MOZ,Mozambique,1.6183990642271347e+33
2012,MOZ,Mozambique,1.5607657584144715e+33
2013,MOZ,Mozambique,2.2818074851800612e+33
2014,MOZ,Mozambique,1.655373798725412e+33
2015,MOZ,Mozambique,1.8986326977483435e+33
2016,MOZ,Mozambique,1.9665647006924776e+33
2017,MOZ,Mozambique,1.9317555712893174e+33
2018,MOZ,Mozambique,1.5735867981368683e+33
2019,MOZ,Mozambique,2.1799340137395068e+33
2020,MOZ,Mozambique,2.4020496282061352e+33
2021,MOZ,Mozambique,1.698063108271192e+33
2022,MOZ,Mozambique,1.714380553360681e+33
2023,MOZ,Mozambique,1.390365622408308e+33
2024,MOZ,Mozambique,1.4247488520553777e+33
2025,MOZ,Mozambique,1.492638443411628e+33
2005,MRT,Mauritania,1.5149608070348152e+33
2006,MRT,Mauritania,1.4932060709828745e+33
2007,MRT,Mauritania,1.5276100441147112e+33
2008,MRT,Mauritania,1.491008324533895e+33
2009,MRT,Mauritania,1.587915462928481e+33
2010,MRT,Mauritania,1.6445762042730394e+33
2011,MRT,Mauritania,1.6176664881516023e+33
2012,MRT,Mauritania,1.67975953348894e+33
2013,MRT,Mauritania,1.6017208469652172e+33
2014,MRT,Mauritania,1.7103061175503654e+33
2015,MRT,Mauritania,1.6467303429356492e+33
2016,MRT,Mauritania,1.782056424759212e+33
2017,MRT,Mauritania,1.8298751582290414e+33
2018,MRT,Mauritania,1.7035069628470952e+33
2019,MRT,Mauritania,1.7911401893737107e+33
2020,MRT,Mauritania,1.6851573031556144e+33
2021,MRT,Mauritania,1.747105072124752e+33
2022,MRT,Mauritania,1.6356142626396206e+33
2023,MRT,Mauritania,1.760338031510185e+33
2024,MRT,Mauritania,1.6055518152497865e+33
2025,MRT,Mauritania,1.741187057951767e+33
2005,MUS,Mauritius,8.507790553712598e+29
2006,MUS,Mauritius,7.66399767974146e+29
2007,MUS,Mauritius,7.274107858540278e+29
2008,MUS,Mauritius,6.850053244855345e+29
2009,MUS,Mauritius,7.14020309095701e+29
2010,MUS,Mauritius,9.1749574803377e+29
2011,MUS,Mauritius,8.765473310984109e+29
2012,MUS,Mauritius,8.60050689560913e+29
2013,MUS,Mauritius,8.260260303840138e+29
2014,MUS,Mauritius,1.002283957100046e+30
2015,MUS,Mauritius,1.0308251635818058e+30
2016,MUS,Mauritius,8.202225242924755e+29
2017,MUS,Mauritius,9.61623621887353e+29
2018,MUS,Mauritius,9.146032194466526e+29
2019,MUS,Mauritius,8.321618073148544e+29
2020,MUS,Mauritius,8.575626803090192e+29
2021,MUS,Mauritius,8.756796257557321e+29
2022,MUS,Mauritius,9.07094817837225e+29
2023,MUS,Mauritius,7.583912380399045e+29
2024,MUS,Mauritius,9.307970360247556e+29
2025,MUS,Mauritius,1.002179353357815e+30
2005,MWI,Malawi,1.2581876773237684e+32
2006,MWI,Malawi,2.7186168640035418e+32
2007,MWI,Malawi,1.9091353624434547e+32
2008,MWI,Malawi,2.586674943438031e+32
2009,MWI,Malawi,2.1029559353133474e+32
2010,MWI,Malawi,2.4589832556186197e+32
2011,MWI,Malawi,2.1158337797913057e+32
2012,MWI,Malawi,1.7390833259875164e+32
2013,MWI,Malawi,3.058036249101415e+32
2014,MWI,Malawi,2.1081754746204344e+32
2015,MWI,Malawi,2.673174514495894e+32
2016,MWI,Malawi,2.8337654102851834e+32
2017,MWI,Malawi,2.4100337062642113e+32
2018,MWI,Malawi,2.259172619970565e+32
2019,MWI,Malawi,3.214434193453249e+32
2020,MWI,Malawi,2.9858825771562666e+32
2021,MWI,Malawi,2.3851625146917245e+32
2022,MWI,Malawi,2.700335971835355e+32
2023,MWI,Malawi,1.94398943825663e+32
2024,MWI,Malawi,2.3097739270121454e+32
2025,MWI,Malawi,2.062219635144641e+32
2005,NAM,Namibia,1.606188815505902e+33
2006,NAM,Namibia,1.4719728743119565e+33
2007,NAM,Namibia,1.4824206997083126e+33
2008,NAM,Namibia,1.5483647476238225e+33
2009,NAM,Namibia,1.3704957849307533e+33
2010,NAM,Namibia,1.5940585670040897e+33
2011,NAM,Namibia,1.200096461767104e+33
2012,NAM,Namibia,1.2395666990717855e+33
2013,NAM,Namibia,1.4576964887501728e+33
2014,NAM,Namibia,1.6961525623984766e+33
2015,NAM,Namibia,1.5647456188515967e+33
2016,NAM,Namibia,1.6280009858762268e+33
2017,NAM,Namibia,1.6802451059113944e+33
2018,NAM,Namibia,1.5090780693103094e+33
2019,NAM,Namibia,1.5582280345956063e+33
2020,NAM,Namibia,1.5691046407279465e+33
2021,NAM,Namibia,1.482842525257181e+33
2022,NAM,Namibia,1.4496549729968678e+33
2023,NAM,Namibia,1.3707712049542184e+33
2024,NAM,Namibia,1.4591760401831407e+33
2025,NAM,Namibia,1.4595714077409587e+33
2005,NER,Niger,1.7852762746332354e+33
2006,NER,Niger,1.8067966695676143e+33
2007,NER,Niger,1.797968913403644e+33
2008,NER,Niger,1.7651117768266356e+33
2009,NER,Niger,1.901770643656284e+33
2010,NER,Niger,1.8072051718778085e+33
2011,NER,Niger,1.8252471810022664e+33
2012,NER,Niger,1.951226065114545e+33
2013,NER,Niger,1.9117268701641428e+33
2014,NER,Niger,2.0448395242631692e+33
2015,NER,Niger,1.9857827960196574e+33
2016,NER,Niger,2.114760211851813e+33
2017,NER,Niger,2.1581784889363513e+33
2018,NER,Niger,1.918887914198018e+33
2019,NER,Niger,2.1338350903500564e+33
2020,NER,Niger,1.8902643581023733e+33
2021,NER,Niger,2.0105517486121122e+33
2022,NER,Niger,1.9718322898940932e+33
2023,NER,Niger,2.071147605121332e+33
2024,NER,Niger,1.9111244384580096e+33
2025,NER,Niger,1.9447867138995658e+33
2005,NGA,Nigeria,2.795918878278287e+33
2006,NGA,Nigeria,2.677952390414743e+33
2007,NGA,Nigeria,2.676091488474155e+33
2008,NGA,Nigeria,2.675663891232272e+33
2009,NGA,Nigeria,2.57310284213984e+33
2010,NGA,Nigeria,2.5356245141801603e+33
2011,NGA,Nigeria,2.703012654070723e+33
2012,NGA,Nigeria,2.8490339143767196e+33
2013,NGA,Nigeria,3.039413880358977e+33
2014,NGA,Nigeria,2.861197507554991e+33
2015,NGA,Nigeria,2.9347257369864134e+33
2016,NGA,Nigeria,2.9743022996502866e+33
2017,NGA,Nigeria,2.854553854824932e+33
2018,NGA,Nigeria,2.817493638619915e+33
2019,NGA,Nigeria,2.7795269762323083e+33
2020,NGA,Nigeria,2.6625929966321787e+33
2021,NGA,Nigeria,2.802859930459556e+33
2022,NGA,Nigeria,2.861490983064612e+33
2023,NGA,Nigeria,2.598044511757915e+33
2024,NGA,Nigeria,2.6270682073990964e+33
2025,NGA,Nigeria,2.5646273155090833e+33
2005,RWA,Rwanda,4.8116117225508885e+31
2006,RWA,Rwanda,4.462767746595383e+31
2007,RWA,Rwanda,4.444915951105458e+31
2008,RWA,Rwanda,4.254363007926927e+31
2009,RWA,Rwanda,4.808044491308669e+31
2010,RWA,Rwanda,5.121444685222504e+31
2011,RWA,Rwanda,4.827917616890156e+31
2012,RWA,Rwanda,5.279195996043531e+31
2013,RWA,Rwanda,4.607098654919338e+31
2014,RWA,Rwanda,4.873800487577007e+31
2015,RWA,Rwanda,4.455463968638749e+31
2016,RWA,Rwanda,3.955686518206151e+31
2017,RWA,Rwanda,4.198973953350128e+31
2018,RWA,Rwanda,4.392166320549672e+31
2019,RWA,Rwanda,4.226282466080527e+31
2020,RWA,Rwanda,4.1965110211778275e+31
2021,RWA,Rwanda,3.857332979961216e+31
2022,RWA,Rwanda,4.10373467237024e+31
2023,RWA,Rwanda,2.719201441540837e+31
2024,RWA,Rwanda,2.840933932170758e+31
2025,RWA,Rwanda,2.6502670748198595e+31
2005,SDN,Sudan,3.574663860152093e+33
2006,SDN,Sudan,3.5771527544941616e+33
2007,SDN,Sudan,3.331995355690111e+33
2008,SDN,Sudan,3.568421222944884e+33
2009,SDN,Sudan,3.610626827708761e+33
2010,SDN,Sudan,3.808733995187344e+33
2011,SDN,Sudan,3.671274895985094e+33
2012,SDN,Sudan,3.616928743772478e+33
2013,SDN,Sudan,3.714659329012426e+33
2014,SDN,Sudan,4.0938651673721435e+33
2015,SDN,Sudan,3.8342461369694557e+33
2016,SDN,Sudan,4.1837722230090105e+33
2017,SDN,Sudan,4.300236105122955e+33
2018,SDN,Sudan,3.7769448005465606e+33
2019,SDN,Sudan,4.065140103609983e+33
2020,SDN,Sudan,3.736367272574971e+33
2021,SDN,Sudan,3.978835797737429e+33
2022,SDN,Sudan,3.739870455453138e+33
2023,SDN,Sudan,3.8831411293845437e+33
2024,SDN,Sudan,3.6400522712859426e+33
2025,SDN,Sudan,3.5954426090439637e+33
2005,SEN,Senegal,3.191863979435049e+32
2006,SEN,Senegal,3.143460077212791e+32
2007,SEN,Senegal,3.4198646411852814e+32
2008,SEN,Senegal,3.116253849117949e+32
2009,SEN,Senegal,3.288856106834389e+32
2010,SEN,Senegal,3.284452584703205e+32
2011,SEN,Senegal,3.1502249392808304e+32
2012,SEN,Senegal,3.41843666736016e+32
2013,SEN,Senegal,3.4202386230305246e+32
2014,SEN,Senegal,3.599295023228505e+32
2015,SEN,Senegal,3.9502894913967364e+32
2016,SEN,Senegal,3.412215639707353e+32
2017,SEN,Senegal,3.702731483697994e+32
2018,SEN,Senegal,3.2887857700048084e+32
2019,SEN,Senegal,3.5078238342999986e+32
2020,SEN,Senegal,3.541954803968747e+32
2021,SEN,Senegal,3.62890130204619e+32
2022,SEN,Senegal,3.2168642651152962e+32
2023,SEN,Senegal,3.387839948583924e+32
2024,SEN,Senegal,3.3057049861364735e+32
2025,SEN,Senegal,3.619539874882749e+32
2005,SLE,Sierra Leone,3.264112941351739e+31
2006,SLE,Sierra Leone,-1.0877099043063991e+32
2007,SLE,Sierra Leone,-3.6675096367151294e+32
2008,SLE,Sierra Leone,-7.681750314218156e+31
2009,SLE,Sierra Leone,-5.1312769697772896e+32
2010,SLE,Sierra Leone,-3.6570918076914906e+31
2011,SLE,Sierra Leone,-1.1754994931497176e+32
2012,SLE,Sierra Leone,-3.905784839384423e+32
2013,SLE,Sierra Leone,-2.68675958599513e+32
2014,SLE,Sierra Leone,-4.522230311172167e+32
2015,SLE,Sierra Leone,-4.741729447824047e+32
2016,SLE,Sierra Leone,-4.8370451736378675e+32
2017,SLE,Sierra Leone,-2.170054102829385e+32
2018,SLE,Sierra Leone,-5.049871539803595e+31
2019,SLE,Sierra Leone,-1.62374977082501e+32
2020,SLE,Sierra Leone,-1.5442342702137323e+32
2021,SLE,Sierra Leone,-6.219556072323339e+31
2022,SLE,Sierra Leone,-3.400762519943437e+31
2023,SLE,Sierra Leone,-1.9887920159832348e+32
2024,SLE,Sierra Leone,-1.5605043509669175e+32
2025,SLE,Sierra Leone,-4.963199025157024e+31
2005,SOM,Somalia,6.882638643074891e+32
2006,SOM,Somalia,6.925648106339952e+32
2007,SOM,Somalia,6.826730422699038e+32
2008,SOM,Somalia,6.746142215393732e+32
2009,SOM,Somalia,6.670859409711094e+32
2010,SOM,Somalia,6.841746877656859e+32
2011,SOM,Somalia,6.588105433295824e+32
2012,SOM,Somalia,7.01500962486448e+32
2013,SOM,Somalia,6.828503904463227e+32
2014,SOM,Somalia,6.767812688413571e+32
2015,SOM,Somalia,6.94660513155748e+32
2016,SOM,Somalia,6.654778785363045e+32
2017,SOM,Somalia,6.703774141348566e+32
2018,SOM,Somalia,7.21123192170211e+32
2019,SOM,Somalia,6.707656467809916e+32
2020,SOM,Somalia,6.638584233036358e+32
2021,SOM,Somalia,6.603506854239988e+32
2022,SOM,Somalia,6.719714296604697e+32
2023,SOM,Somalia,5.659713273820666e+32
2024,SOM,Somalia,6.4107190466229584e+32
2025,SOM,Somalia,6.012483059623853e+32
2005,STP,São Tomé and Principe,2.674549324602162e+30
2006,STP,São Tomé and Principe,2.6894346964243306e+30
2007,STP,São Tomé and Principe,2.773322534975929e+30
2008,STP,São Tomé and Principe,3.043145745448757e+30
2009,STP,São Tomé and Principe,2.9976237215737574e+30
2010,STP,São Tomé and Principe,3.059415989031486e+30
2011,STP,São Tomé and Principe,2.7004474008572974e+30
2012,STP,São Tomé and Principe,3.2219311327444736e+30
2013,STP,São Tomé and Principe,2.9501093833160694e+30
2014,STP,São Tomé and Principe,2.986408559930133e+30
2015,STP,São Tomé and Principe,2.8447664892223144e+30
2016,STP,São Tomé and Principe,2.813824065365481e+30
2017,STP,São Tomé and Principe,2.795468303968685e+30
2018,STP,São Tomé and Principe,3.1516143071728354e+30
2019,STP,São Tomé and Principe,2.8361809795932754e+30
2020,STP,São Tomé and Principe,2.4713651516326743e+30
2021,STP,São Tomé and Principe,2.3977386595833105e+30
2022,STP,São Tomé and Principe,2.266097636408822e+30
2023,STP,São Tomé and Principe,1.6845346782590062e+30
2024,STP,São Tomé and Principe,2.582839170399446e+30
2025,STP,São Tomé and Principe,2.3690470757266267e+30
2005,SWZ,eSwatini,2.3559970850706182e+32
2006,SWZ,eSwatini,2.310437649228843e+32
2007,SWZ,eSwatini,2.5732631831222968e+32
2008,SWZ,eSwatini,2.2354304231501703e+32
2009,SWZ,eSwatini,2.4517384411441268e+32
2010,SWZ,eSwatini,2.496765235412942e+32
2011,SWZ,eSwatini,2.5049461457017668e+32
2012,SWZ,eSwatini,2.3279924407163517e+32
2013,SWZ,eSwatini,2.4567821911159606e+32
2014,SWZ,eSwatini,2.7781457195525536e+32
2015,SWZ,eSwatini,2.4016207993080376e+32
2016,SWZ,eSwatini,2.2368358099903032e+32
2017,SWZ,eSwatini,2.1751319853515216e+32
2018,SWZ,eSwatini,2.0419949439882853e+32
2019,SWZ,eSwatini,1.9786697058391307e+32
2020,SWZ,eSwatini,1.5910539969159036e+32
2021,SWZ,eSwatini,1.668149360879229e+32
2022,SWZ,eSwatini,1.794571546768134e+32
2023,SWZ,eSwatini,1.735616077892534e+32
2024,SWZ,eSwatini,1.5716630405510904e+32
2025,SWZ,eSwatini,1.71676698882233e+32
2005,SYC,Seychelles,5.366770114901394e+29
2006,SYC,Seychelles,3.947973095084385e+29
2007,SYC,Seychelles,4.95193813483619e+29
2008,SYC,Seychelles,3.854514496580703e+29
2009,SYC,Seychelles,4.2187702024514254e+29
2010,SYC,Seychelles,3.901484206910445e+29
2011,SYC,Seychelles,3.6074026806869e+29
2012,SYC,Seychelles,4.433818559869456e+29
2013,SYC,Seychelles,4.327794959735538e+29
2014,SYC,Seychelles,5.2344552786164186e+29
2015,SYC,Seychelles,5.2196214552877805e+29
2016,SYC,Seychelles,5.148341475335024e+29
2017,SYC,Seychelles,4.5913053387585146e+29
2018,SYC,Seychelles,3.810671435779853e+29
2019,SYC,Seychelles,4.216217477345552e+29
2020,SYC,Seychelles,4.496597415229374e+29
2021,SYC,Seychelles,4.7194344982900704e+29
2022,SYC,Seychelles,5.400764941921064e+29
2023,SYC,Seychelles,3.3947062476461224e+29
2024,SYC,Seychelles,4.977045107253562e+29
2025,SYC,Seychelles,5.501440042918378e+29
2005,TCD,Chad,1.7525768187939306e+33
2006,TCD,Chad,1.7940117451478727e+33
2007,TCD,Chad,1.748786603466377e+33
2008,TCD,Chad,1.8598174403271908e+33
2009,TCD,Chad,1.8324021105566953e+33
2010,TCD,Chad,1.9468111229220805e+33
2011,TCD,Chad,1.8043119687973444e+33
2012,TCD,Chad,1.967231841161015e+33
2013,TCD,Chad,1.999572422154157e+33
2014,TCD,Chad,2.071430824256196e+33
2015,TCD,Chad,1.9879505166635324e+33
2016,TCD,Chad,1.9758822767846038e+33
2017,TCD,Chad,2.071634372907961e+33
2018,TCD,Chad,1.932834599567363e+33
2019,TCD,Chad,2.0758741032738852e+33
2020,TCD,Chad,1.9281690376816984e+33
2021,TCD,Chad,1.969057979841434e+33
2022,TCD,Chad,2.0766262262954127e+33
2023,TCD,Chad,2.124085381066433e+33
2024,TCD,Chad,2.0623852131248973e+33
2025,TCD,Chad,2.0720715041194516e+33
2005,TGO,Togo,1.5209996200034635e+32
2006,TGO,Togo,1.362726650088312e+32
2007,TGO,Togo,1.4077356781044774e+32
2008,TGO,Togo,1.2867856303479521e+32
2009,TGO,Togo,1.144202091375423e+32
2010,TGO,Togo,1.2082803957143876e+32
2011,TGO,Togo,1.1021731483068518e+32
2012,TGO,Togo,1.4508680166280675e+32
2013,TGO,Togo,1.4186275642184716e+32
2014,TGO,Togo,1.2553232665786182e+32
2015,TGO,Togo,1.2949505030212355e+32
2016,TGO,Togo,1.5288453778062166e+32
2017,TGO,Togo,1.3092822390689403e+32
2018,TGO,Togo,1.5017919868219472e+32
2019,TGO,Togo,1.3348320263647145e+32
2020,TGO,Togo,1.274725378114973e+32
2021,TGO,Togo,1.3674872658330649e+32
2022,TGO,Togo,1.2986682788484585e+32
2023,TGO,Togo,1.1788031321701524e+32
2024,TGO,Togo,1.2803515804955332e+32
2025,TGO,Togo,1.4864850768634153e+32
2005,TZA,Tanzania,1.4347523989728834e+33
2006,TZA,Tanzania,1.4118379011793374e+33
2007,TZA,Tanzania,1.2465729580958675e+33
2008,TZA,Tanzania,1.4722217394186787e+33
2009,TZA,Tanzania,1.4124942883033456e+33
2010,TZA,Tanzania,1.5458925157726526e+33
2011,TZA,Tanzania,1.5464621301129702e+33
2012,TZA,Tanzania,1.7764785809917942e+33
2013,TZA,Tanzania,1.4534146751674086e+33
2014,TZA,Tanzania,1.569107393494233e+33
2015,TZA,Tanzania,1.8123559138009422e+33
2016,TZA,Tanzania,1.3841096144005332e+33
2017,TZA,Tanzania,1.7319972619853094e+33
2018,TZA,Tanzania,1.811778304271111e+33
2019,TZA,Tanzania,1.6680632095088836e+33
2020,TZA,Tanzania,1.8094615310818637e+33
2021,TZA,Tanzania,1.511817382041872e+33
2022,TZA,Tanzania,1.7182152404729536e+33
2023,TZA,Tanzania,1.385396087591883e+33
2024,TZA,Tanzania,1.2665674271448707e+33
2025,TZA,Tanzania,1.2694906945567763e+33
2005,UGA,Uganda,2.936068394593036e+32
2006,UGA,Uganda,3.87694775092369e+32
2007,UGA,Uganda,3.0835108004943935e+32
2008,UGA,Uganda,3.50908109475722e+32
2009,UGA,Uganda,3.865976095797264e+32
2010,UGA,Uganda,4.178454752711347e+32
2011,UGA,Uganda,4.275468658094427e+32
2012,UGA,Uganda,3.697919529489087e+32
2013,UGA,Uganda,3.7236810956444106e+32
2014,UGA,Uganda,3.801774108755522e+32
2015,UGA,Uganda,3.8082489687163154e+32
2016,UGA,Uganda,2.9973680653463636e+32
2017,UGA,Uganda,3.729963090415486e+32
2018,UGA,Uganda,4.1582309044586014e+32
2019,UGA,Uganda,4.473747536162105e+32
2020,UGA,Uganda,4.085108055050646e+32
2021,UGA,Uganda,4.2639426763633484e+32
2022,UGA,Uganda,4.177011619150276e+32
2023,UGA,Uganda,3.3233269679896694e+32
2024,UGA,Uganda,4.016763664553658e+32
2025,UGA,Uganda,3.6961707450299005e+32
2005,ZAF,South Africa,5.885593729568435e+33
2006,ZAF,South Africa,6.207012873562652e+33
2007,ZAF,South Africa,6.281679417477274e+33
2008,ZAF,South Africa,5.976039799775047e+33
2009,ZAF,South Africa,5.965930446244142e+33
2010,ZAF,South Africa,6.164150896643131e+33
2011,ZAF,South Africa,5.842925034174662e+33
2012,ZAF,South Africa,5.803962633363202e+33
2013,ZAF,South Africa,5.758654456665286e+33
2014,ZAF,South Africa,6.058797571035514e+33
2015,ZAF,South Africa,6.176456972076047e+33
2016,ZAF,South Africa,5.969047610336782e+33
2017,ZAF,South Africa,5.997548966522246e+33
2018,ZAF,South Africa,5.600365131162016e+33
2019,ZAF,South Africa,5.485335804269228e+33
2020,ZAF,South Africa,5.588881183545472e+33
2021,ZAF,South Africa,5.409332622395926e+33
2022,ZAF,South Africa,5.127107758715676e+33
2023,ZAF,South Africa,4.732849535833839e+33
2024,ZAF,South Africa,4.6049595069681206e+33
2025,ZAF,South Africa,4.654710338332604e+33
2005,ZMB,Zambia,6.486478322928562e+32
2006,ZMB,Zambia,1.4496382796379956e+33
2007,ZMB,Zambia,7.226523144745946e+32
2008,ZMB,Zambia,1.3938927680488676e+33
2009,ZMB,Zambia,8.892153598350971e+32
2010,ZMB,Zambia,1.0874634685450982e+33
2011,ZMB,Zambia,9.873727466153493e+32
2012,ZMB,Zambia,7.967865160796099e+32
2013,ZMB,Zambia,1.5181166861565797e+33
2014,ZMB,Zambia,7.835028388041379e+32
2015,ZMB,Zambia,1.1663102997629405e+33
2016,ZMB,Zambia,1.5089800214229038e+33
2017,ZMB,Zambia,1.3479474705351119e+33
2018,ZMB,Zambia,1.2148691517621194e+33
2019,ZMB,Zambia,1.6371434588933773e+33
2020,ZMB,Zambia,1.8901279369860154e+33
2021,ZMB,Zambia,1.1346322076565095e+33
2022,ZMB,Zambia,1.5268976402255466e+33
2023,ZMB,Zambia,8.78097543992779e+32
2024,ZMB,Zambia,1.2677317446662511e+33
2025,ZMB,Zambia,9.935119175160845e+32
2005,ZWE,Zimbabwe,8.691883760922195e+32
2006,ZWE,Zimbabwe,8.129398132598244e+32
2007,ZWE,Zimbabwe,7.511467030224211e+32
2008,ZWE,Zimbabwe,8.384576998523336e+32
2009,ZWE,Zimbabwe,7.43932320281773e+32
2010,ZWE,Zimbabwe,8.338987090434891e+32
2011,ZWE,Zimbabwe,7.984347744711347e+32
2012,ZWE,Zimbabwe,8.360357089845946e+32
2013,ZWE,Zimbabwe,1.0270516548997016e+33
2014,ZWE,Zimbabwe,9.480755375111894e+32
2015,ZWE,Zimbabwe,8.137356664195355e+32
2016,ZWE,Zimbabwe,1.0314281513571236e+33
2017,ZWE,Zimbabwe,9.900211384982953e+32
2018,ZWE,Zimbabwe,8.693085834600098e+32
2019,ZWE,Zimbabwe,9.362872163226707e+32
2020,ZWE,Zimbabwe,1.1303442370042849e+33
2021,ZWE,Zimbabwe,9.334054801344225e+32
2022,ZWE,Zimbabwe,8.18961201479203e+32
2023,ZWE,Zimbabwe,7.611837672072087e+32
2024,ZWE,Zimbabwe,8.846056869641796e+32
2025,ZWE,Zimbabwe,9.003082792090275e+32
