ISO,Country,Year,GDP,log_GDP
AGO,Angola,2005,54852422288.0144,24.72791218473473
AGO,Angola,2006,61347946235.7733,24.839827531353478
AGO,Angola,2007,69324828859.446,24.962068959775117
AGO,Angola,2008,76802645840.5628,25.06450492755561
AGO,Angola,2009,78335311067.8479,25.084264309778398
AGO,Angola,2010,82482120582.925,25.13584738659286
AGO,Angola,2011,85446420441.9715,25.17115535495733
AGO,Angola,2012,92712034533.3955,25.252764123458753
AGO,Angola,2013,97239220009.2494,25.300439965066907
AGO,Angola,2014,101766409287.849,25.345945918908654
AGO,Angola,2015,102543067840.732,25.353548721332395
AGO,Angola,2016,100799291837.039,25.3363971671328
AGO,Angola,2017,100648701499.631,25.334902087802753
AGO,Angola,2018,100050434318.105,25.328940238977275
AGO,Angola,2019,99845650843.2744,25.326891338956997
AGO,Angola,2020,95809443080.1137,25.285627087839075
AGO,Angola,2021,97824078558.145,25.30643658571046
AGO,Angola,2022,101948344238.666,25.347732092919504
AGO,Angola,2023,103236265970.233,25.360286042702523
AGO,Angola,2024,107803341999.578,25.40357449679213
BDI,Burundi,2005,1903493481.08303,21.36695670908069
BDI,Burundi,2006,2006544947.16489,21.41968014820026
BDI,Burundi,2007,2075660260.38688,21.453545137791707
BDI,Burundi,2008,2177549065.459,21.501465799368873
BDI,Burundi,2009,2260014499.81439,21.5386370660571
BDI,Burundi,2010,2375133693.99181,21.58831956505575
BDI,Burundi,2011,2470719237.95292,21.6277751346535
BDI,Burundi,2012,2579999920.33893,21.671055205003555
BDI,Burundi,2013,2707037177.57679,21.719120581350833
BDI,Burundi,2014,2821948416.12645,21.760693411020192
BDI,Burundi,2015,2810532912.49975,21.75663995088747
BDI,Burundi,2016,2900474875.87058,21.788140310833423
BDI,Burundi,2017,3011616941.94606,21.825742961487595
BDI,Burundi,2018,3172504889.35261,21.877787298718726
BDI,Burundi,2019,3313977733.08389,21.921415036882912
BDI,Burundi,2020,3324133212.69452,21.924474789157806
BDI,Burundi,2021,3431737891.18244,21.956332643622545
BDI,Burundi,2022,3511275322.23022,21.979245148099043
BDI,Burundi,2023,3625559222.01905,22.01127438149813
BDI,Burundi,2024,3774652142.65546,22.05157406776061
BEN,Benin,2005,7532259620.47862,22.742460916143376
BEN,Benin,2006,7829312267.7691,22.7811405101119
BEN,Benin,2007,8298002249.61043,22.839280629959777
BEN,Benin,2008,8704320326.21926,22.88708532856793
BEN,Benin,2009,8906198943.30981,22.9100133817179
BEN,Benin,2010,9094481753.64081,22.930933665835138
BEN,Benin,2011,9364019722.08608,22.960140492733267
BEN,Benin,2012,9814543622.24071,23.00713116560505
BEN,Benin,2013,10520350021.8969,23.076577315745904
BEN,Benin,2014,11189200116.267,23.13821487470161
BEN,Benin,2015,11388160996.7738,23.155840143667767
BEN,Benin,2016,11768488383.3269,23.188691320346923
BEN,Benin,2017,12435945492.7429,23.243856946111674
BEN,Benin,2018,13268812302.6618,23.308682178848006
BEN,Benin,2019,14179807374.6843,23.375084773662238
BEN,Benin,2020,14725558723.2985,23.412850509621496
BEN,Benin,2021,15779238957.3117,23.481960922893872
BEN,Benin,2022,16765906414.7949,23.542613281301985
BEN,Benin,2023,17831007125.9788,23.604204752138127
BEN,Benin,2024,19159972710.8241,23.67608918520962
BFA,Burkina Faso,2005,6954815456.4763,22.662700128033958
BFA,Burkina Faso,2006,7389711520.7284,22.723354534707287
BFA,Burkina Faso,2007,7693530569.65392,22.763645626892938
BFA,Burkina Faso,2008,8139754707.2893,22.82002588226717
BFA,Burkina Faso,2009,8380850241.73524,22.849215207121194
BFA,Burkina Faso,2010,9088720451.70527,22.930299970838703
BFA,Burkina Faso,2011,9690626654.34607,22.99442493096921
BFA,Burkina Faso,2012,10315931043.8746,23.056955240557226
BFA,Burkina Faso,2013,10913490102.1529,23.1132654850069
BFA,Burkina Faso,2014,11385699970.03,23.155624016349087
BFA,Burkina Faso,2015,11832159315.6298,23.19408702707408
BFA,Burkina Faso,2016,12537116611.6541,23.251959410437227
BFA,Burkina Faso,2017,13314855313.1302,23.312146189696655
BFA,Burkina Faso,2018,14194244128.6065,23.37610237632404
BFA,Burkina Faso,2019,15030172259.3791,23.433325501682152
BFA,Burkina Faso,2020,15332394848.5201,23.453233737362964
BFA,Burkina Faso,2021,16396850182.5889,23.520355091293027
BFA,Burkina Faso,2022,16663583086.9504,23.536491521806123
BFA,Burkina Faso,2023,17163536264.1285,23.56605298577365
BFA,Burkina Faso,2024,17987353311.1315,23.612934754081834
BWA,Botswana,2005,10145481816.2871,23.040294302076926
BWA,Botswana,2006,10994036837.1472,23.120618857038462
BWA,Botswana,2007,11630872553.1126,23.17692882672566
BWA,Botswana,2008,12009117014.1882,23.20893194945193
BWA,Botswana,2009,10310519328.3503,23.056430505030672
BWA,Botswana,2010,11353915357.5123,23.15282848680652
BWA,Botswana,2011,12130342700.3127,23.218975811796167
BWA,Botswana,2012,12109617148.6354,23.21726577953069
BWA,Botswana,2013,13454136663.42,23.32255245432639
BWA,Botswana,2014,14220638232.789,23.37796014307021
BWA,Botswana,2015,13530748844.505,23.32823062456759
BWA,Botswana,2016,14505561464.3559,23.397797962102647
BWA,Botswana,2017,15102375175.8986,23.438117864814632
BWA,Botswana,2018,15734967212.8207,23.479151283750454
BWA,Botswana,2019,16212015762.4196,23.509018517980667
BWA,Botswana,2020,14796887965.3696,23.417682722995934
BWA,Botswana,2021,16560125447.6096,23.530263561213577
BWA,Botswana,2022,17468616755.5627,23.583671779684153
BWA,Botswana,2023,18029021881.095,23.615248623166785
BWA,Botswana,2024,17489977781.8862,23.584893855643706
CAF,Central African Republic,2005,1835473623.16461,21.330568390416328
CAF,Central African Republic,2006,1923045637.77901,21.37717603586583
CAF,Central African Republic,2007,2011650635.80801,21.422221433852222
CAF,Central African Republic,2008,2052972574.3655,21.44255461608516
CAF,Central African Republic,2009,2229266675.80904,21.524938523408405
CAF,Central African Republic,2010,2332499967.93604,21.570206476939166
CAF,Central African Republic,2011,2430339369.3364,21.611296742710703
CAF,Central African Republic,2012,2553162918.71416,21.6605987877855
CAF,Central African Republic,2013,1624016454.05115,21.208168210439467
CAF,Central African Republic,2014,1625333052.55944,21.208978587148813
CAF,Central African Republic,2015,1695825714.19282,21.25143560617765
CAF,Central African Republic,2016,1776382808.69192,21.29784500372445
CAF,Central African Republic,2017,1856804600.57752,21.342122890612902
CAF,Central African Republic,2018,1927167163.54408,21.37931697069309
CAF,Central African Republic,2019,1986909345.61394,21.409846175727907
CAF,Central African Republic,2020,2004791529.66202,21.418805917068234
CAF,Central African Republic,2021,2024497026.49048,21.42858712467299
CAF,Central African Republic,2022,2033686256.48235,21.433115873158062
CAF,Central African Republic,2023,2047921417.64834,21.44009117309862
CAF,Central African Republic,2024,2078640238.88184,21.454979785577347
CIV,Cote d'Ivoire,2005,28732677632.1669,24.081300905461354
CIV,Cote d'Ivoire,2006,29541668752.6369,24.109067603741714
CIV,Cote d'Ivoire,2007,29867049486.2231,24.120021685796118
CIV,Cote d'Ivoire,2008,31295490700.8623,24.16673985704876
CIV,Cote d'Ivoire,2009,32423167866.6818,24.20213906182644
CIV,Cote d'Ivoire,2010,34643522418.9356,24.26837660192981
CIV,Cote d'Ivoire,2011,32783010325.3471,24.213176240253862
CIV,Cote d'Ivoire,2012,35281210700.9425,24.286616384416327
CIV,Cote d'Ivoire,2013,39077544167.6054,24.38881382098994
CIV,Cote d'Ivoire,2014,42739891584.4862,24.478398550205423
CIV,Cote d'Ivoire,2015,45815005169.2651,24.54787749819268
CIV,Cote d'Ivoire,2016,49101205368.91,24.61714942071053
CIV,Cote d'Ivoire,2017,52739979047.0655,24.68863962058413
CIV,Cote d'Ivoire,2018,55294253263.7438,24.73593482079341
CIV,Cote d'Ivoire,2019,59010785540.9857,24.80098606992461
CIV,Cote d'Ivoire,2020,59423700880.6615,24.807958988458733
CIV,Cote d'Ivoire,2021,63620992438.4818,24.876209322618887
CIV,Cote d'Ivoire,2022,67692661917.0177,24.93824361980847
CIV,Cote d'Ivoire,2023,72160377909.6739,25.00215694979452
CIV,Cote d'Ivoire,2024,76504096839.437,25.06061012980166
CMR,Cameroon,2005,21594980960.2444,23.795726761684428
CMR,Cameroon,2006,22417659743.2882,23.83311486659483
CMR,Cameroon,2007,23387803922.5771,23.875480523548323
CMR,Cameroon,2008,24053813243.6522,23.903559375759308
CMR,Cameroon,2009,24674221649.2686,23.929024877665842
CMR,Cameroon,2010,25389533434.6495,23.957602856544945
CMR,Cameroon,2011,26247499413.6974,23.990836561015907
CMR,Cameroon,2012,27461703151.6573,24.036058258365703
CMR,Cameroon,2013,28833560540.7901,24.08480584221249
CMR,Cameroon,2014,30482787768.4783,24.14042802580286
CMR,Cameroon,2015,32210233020.4569,24.195550034676792
CMR,Cameroon,2016,33671222913.4548,24.239909390025748
CMR,Cameroon,2017,34863580363.1151,24.27470857868096
CMR,Cameroon,2018,36242614248.5756,24.31350145262141
CMR,Cameroon,2019,37502066832.7403,24.34766188394371
CMR,Cameroon,2020,37599547048.5841,24.35025784068949
CMR,Cameroon,2021,38854942334.5769,24.383101121488046
CMR,Cameroon,2022,40306867605.1364,24.41978770341869
CMR,Cameroon,2023,41656165354.262,24.452715222317615
CMR,Cameroon,2024,43124429828.9643,24.487355490853183
COD,"Congo, Dem. Rep.",2005,20671920925.7908,23.75204213935502
COD,"Congo, Dem. Rep.",2006,21728037858.2133,23.801869330691083
COD,"Congo, Dem. Rep.",2007,23581424221.9288,23.883725129804546
COD,"Congo, Dem. Rep.",2008,25326856010.815,23.955131172088343
COD,"Congo, Dem. Rep.",2009,25470074710.6773,23.960770059214877
COD,"Congo, Dem. Rep.",2010,27467694662.4827,24.036276411525492
COD,"Congo, Dem. Rep.",2011,29553403849.2894,24.109464763649978
COD,"Congo, Dem. Rep.",2012,32115268325.5231,24.192597402767554
COD,"Congo, Dem. Rep.",2013,35206198726.088,24.2844880042196
COD,"Congo, Dem. Rep.",2014,37777053057.3322,24.354967693259887
COD,"Congo, Dem. Rep.",2015,40179574490.3032,24.416624606190094
COD,"Congo, Dem. Rep.",2016,40337814832.805,24.42055519925976
COD,"Congo, Dem. Rep.",2017,42048626459.9632,24.46209255838391
COD,"Congo, Dem. Rep.",2018,44601688163.9569,24.521037546465887
COD,"Congo, Dem. Rep.",2019,44849398935.1374,24.526576023692236
COD,"Congo, Dem. Rep.",2020,45197173728.8833,24.534300393707582
COD,"Congo, Dem. Rep.",2021,48103175756.1974,24.596614035916005
COD,"Congo, Dem. Rep.",2022,52582143957.1902,24.68564243056312
COD,"Congo, Dem. Rep.",2023,57069235865.1432,24.76753103197387
COD,"Congo, Dem. Rep.",2024,60565728422.4726,24.826995032462023
COG,"Congo, Rep.",2005,7910417276.44806,22.79144637036215
COG,"Congo, Rep.",2006,8542162055.68026,22.868279980817693
COG,"Congo, Rep.",2007,7977183901.13328,22.79985129153135
COG,"Congo, Rep.",2008,8480255108.6285,22.8610063698624
COG,"Congo, Rep.",2009,9467126891.81813,22.971091307596677
COG,"Congo, Rep.",2010,10407332392.13,23.06577643237622
COG,"Congo, Rep.",2011,10636909752.5259,23.087595841882298
COG,"Congo, Rep.",2012,11694979455.2472,23.182425480268503
COG,"Congo, Rep.",2013,11611660392.4682,23.1752756364245
COG,"Congo, Rep.",2014,12383378937.2556,23.239621002120803
COG,"Congo, Rep.",2015,12434793867.3568,23.24376433725351
COG,"Congo, Rep.",2016,11354801748.8219,23.15290655297872
COG,"Congo, Rep.",2017,10719526284.7166,23.09533280175414
COG,"Congo, Rep.",2018,10472514332.3273,23.072019979352426
COG,"Congo, Rep.",2019,10590275024.738,23.083201966452723
COG,"Congo, Rep.",2020,9926500702.40064,23.018473856361556
COG,"Congo, Rep.",2021,10027261669.7995,23.028573387667038
COG,"Congo, Rep.",2022,10175199489.7639,23.04321917395648
COG,"Congo, Rep.",2023,10369226732.5707,23.062108288670863
COG,"Congo, Rep.",2024,10636718505.674,23.087577862170555
COM,Comoros,2005,755434618.774047,20.442803795593452
COM,Comoros,2006,742180920.320468,20.425103599335618
COM,Comoros,2007,748145084.624578,20.433107480532126
COM,Comoros,2008,777806128.357449,20.471987858746484
COM,Comoros,2009,803011729.191202,20.503879878518184
COM,Comoros,2010,833348554.386726,20.54096254524972
COM,Comoros,2011,867878891.68189,20.581562737177897
COM,Comoros,2012,895376387.011074,20.612754731981674
COM,Comoros,2013,935365362.167356,20.656447772601815
COM,Comoros,2014,955070416.212074,20.67729562998025
COM,Comoros,2015,966029600.862227,20.688705034421833
COM,Comoros,2016,998105646.566284,20.721369686955995
COM,Comoros,2017,1036190384.81036,20.758816733022194
COM,Comoros,2018,1073934613.01512,20.79459494944333
COM,Comoros,2019,1092843397.42943,20.81204875813489
COM,Comoros,2020,1090706042.10569,20.810091068542278
COM,Comoros,2021,1112522258.3942,20.82989557934987
COM,Comoros,2022,1141481327.58447,20.855592666011873
COM,Comoros,2023,1175671154.84031,20.88510501708119
COM,Comoros,2024,1214916246.52607,20.91794097846259
CPV,Cabo Verde,2005,1219660508.68448,20.92183838539676
CPV,Cabo Verde,2006,1317035160.01005,20.998648956397552
CPV,Cabo Verde,2007,1516838454.63714,21.139894041620682
CPV,Cabo Verde,2008,1623608884.79583,21.20791721519529
CPV,Cabo Verde,2009,1599196517.15668,21.192767163282085
CPV,Cabo Verde,2010,1628564468.24228,21.210964769396096
CPV,Cabo Verde,2011,1692481034.54407,21.249461357100962
CPV,Cabo Verde,2012,1710821579.61286,21.260239547992946
CPV,Cabo Verde,2013,1721636311.15762,21.26654101922745
CPV,Cabo Verde,2014,1733630380.4449,21.273483532516547
CPV,Cabo Verde,2015,1749857620.35329,21.282800261773826
CPV,Cabo Verde,2016,1824764034.95256,21.324716519705024
CPV,Cabo Verde,2017,1907814790.72833,21.36922433541204
CPV,Cabo Verde,2018,1978536809.33193,21.405623423282815
CPV,Cabo Verde,2019,2116002110.92756,21.472794348544785
CPV,Cabo Verde,2020,1675762033.71886,21.23953384427091
CPV,Cabo Verde,2021,1793627260.88123,21.30750580914148
CPV,Cabo Verde,2022,2077803747.08658,21.454577281990446
CPV,Cabo Verde,2023,2177429478.93487,21.50141087991384
CPV,Cabo Verde,2024,2335159974.83501,21.571346237427093
ERI,Eritrea,2005,2155038051.30131,21.49107421756262
ERI,Eritrea,2006,2134151053.76576,21.481334771653476
ERI,Eritrea,2007,2164601595.02151,21.49550216069168
ERI,Eritrea,2008,1952837971.21425,21.392549521351242
ERI,Eritrea,2009,2028539764.99879,21.430582043573082
ERI,Eritrea,2010,2073049788.74561,21.452286687837447
ERI,Eritrea,2011,2252986366.41081,21.535522447073642
ETH,Ethiopia,2005,22791876293.8269,23.849670006513517
ETH,Ethiopia,2006,25261313883.9249,23.952539966923215
ETH,Ethiopia,2007,28155292189.364,24.061001173484563
ETH,Ethiopia,2008,31192831993.2611,24.163454161560963
ETH,Ethiopia,2009,33938597623.7578,24.247818776622392
ETH,Ethiopia,2010,38198074328.8086,24.36605094104769
ETH,Ethiopia,2011,42467968231.3241,24.472015940035956
ETH,Ethiopia,2012,46140518129.2398,24.554957319131347
ETH,Ethiopia,2013,51023232360.2629,24.65554690242124
ETH,Ethiopia,2014,56256936828.9833,24.75319519183163
ETH,Ethiopia,2015,62103418181.8182,24.852066867556502
ETH,Ethiopia,2016,67961933367.1549,24.942213581949886
ETH,Ethiopia,2017,74461941569.3207,25.03355398038437
ETH,Ethiopia,2018,79537377550.6924,25.09949290598746
ETH,Ethiopia,2019,86189951998.924,25.179819441683925
ETH,Ethiopia,2020,91412658764.8474,25.238649804337786
ETH,Ethiopia,2021,96569731965.9612,25.293531195379927
ETH,Ethiopia,2022,101708941221.845,25.345381053755325
ETH,Ethiopia,2023,108415879003.469,25.409240400495893
ETH,Ethiopia,2024,116669335367.212,25.482609577076243
GAB,Gabon,2005,10435048720.8443,23.068436046448316
GAB,Gabon,2006,10142180902.0393,23.039968891079834
GAB,Gabon,2007,10751534086.7123,23.098314287079265
GAB,Gabon,2008,10395827037.7727,23.064670316204865
GAB,Gabon,2009,10409376035.5652,23.06597277883021
GAB,Gabon,2010,11147389066.6347,23.134471143004387
GAB,Gabon,2011,11937934403.3789,23.202986931903013
GAB,Gabon,2012,12564804521.2615,23.254165450420352
GAB,Gabon,2013,13273296028.5793,23.309020036406583
GAB,Gabon,2014,13846034032.3711,23.351264677120003
GAB,Gabon,2015,14383107762.6952,23.38932028290575
GAB,Gabon,2016,14683922149.3088,23.41001900083096
GAB,Gabon,2017,14753324537.1727,23.414734286685892
GAB,Gabon,2018,14876945089.6921,23.423078542161697
GAB,Gabon,2019,15460241661.1259,23.46153751136294
GAB,Gabon,2020,15176119359.5429,23.442988934568156
GAB,Gabon,2021,15398898313.7955,23.457561805741797
GAB,Gabon,2022,15866657481.0928,23.487485730592784
GAB,Gabon,2023,16253635205.6312,23.511582425665853
GAB,Gabon,2024,16805289922.7656,23.544959550147563
GHA,Ghana,2005,25666707129.5251,23.968460546605748
GHA,Ghana,2006,27309353954.6989,24.030495116154373
GHA,Ghana,2007,28496442169.6902,24.073045080277115
GHA,Ghana,2008,31103809332.791,24.16059613521565
GHA,Ghana,2009,32610629348.5193,24.2079041258107
GHA,Ghana,2010,35186775129.0417,24.283936142393756
GHA,Ghana,2011,40129504915.3457,24.415377684128096
GHA,Ghana,2012,43858655296.9198,24.5042379204812
GHA,Ghana,2013,47065830437.531,24.574813106271627
GHA,Ghana,2014,48410143589.6826,24.60297520700976
GHA,Ghana,2015,49436806230.4839,24.62396104911127
GHA,Ghana,2016,51104539956.3997,24.657139174757567
GHA,Ghana,2017,55258774288.879,24.73529297539364
GHA,Ghana,2018,58684861220.5087,24.7954476296752
GHA,Ghana,2019,62503939826.8611,24.858495428931782
GHA,Ghana,2020,62825173619.4157,24.86362168391249
GHA,Ghana,2021,66014472471.1465,24.913139834800376
GHA,Ghana,2022,68526224001.2217,24.95048234108769
GHA,Ghana,2023,70678009792.105,24.981400325995025
GHA,Ghana,2024,74629231909.5195,25.03579811605657
GIN,Guinea,2005,6022369313.03617,22.518746592431416
GIN,Guinea,2006,6094011545.87354,22.530572412137857
GIN,Guinea,2007,6509469022.49636,22.5965237264758
GIN,Guinea,2008,6778506429.10409,22.637022623938545
GIN,Guinea,2009,6702408065.67158,22.625732711556832
GIN,Guinea,2010,7025019105.91374,22.672743771865544
GIN,Guinea,2011,7419271030.30424,22.727346645405145
GIN,Guinea,2012,7858142150.2509,22.784816047795733
GIN,Guinea,2013,8168199850.29177,22.823514384979063
GIN,Guinea,2014,8470141696.43118,22.859813074683096
GIN,Guinea,2015,8794201742.84609,22.897358448406877
GIN,Guinea,2016,9745789528.35549,23.00010118543943
GIN,Guinea,2017,10749606370.4679,23.098134974149016
GIN,Guinea,2018,11433119223.7578,23.159780175489814
GIN,Guinea,2019,12075307751.6835,23.21442852284213
GIN,Guinea,2020,12643401588.6985,23.26040130249065
GIN,Guinea,2021,13349198344.073,23.31472217085654
GIN,Guinea,2022,13879482945.938,23.353677539597633
GIN,Guinea,2023,14648645956.2703,23.407613741944772
GIN,Guinea,2024,15432355339.8107,23.45973213845184
GMB,"Gambia, The",2005,1098037738.85618,20.816790549986067
GMB,"Gambia, The",2006,1091937250.0561,20.811219249299455
GMB,"Gambia, The",2007,1125167625.04935,20.841197861547258
GMB,"Gambia, The",2008,1195557048.77095,20.901878063315035
GMB,"Gambia, The",2009,1275249585.58493,20.966407749799547
GMB,"Gambia, The",2010,1350595613.51288,21.023811527293493
GMB,"Gambia, The",2011,1240786190.47581,20.939011040231957
GMB,"Gambia, The",2012,1305822857.84822,20.990099221425154
GMB,"Gambia, The",2013,1343336129.36544,21.018422005648205
GMB,"Gambia, The",2014,1324430251.83027,21.004248205290015
GMB,"Gambia, The",2015,1378176608.93204,21.04402716455647
GMB,"Gambia, The",2016,1404959537.12175,21.063274340115814
GMB,"Gambia, The",2017,1472715273.80675,21.11037365893802
GMB,"Gambia, The",2018,1579264608.77791,21.180225138153304
GMB,"Gambia, The",2019,1677527292.27233,21.240586696288688
GMB,"Gambia, The",2020,1687449652.95674,21.246484144980982
GMB,"Gambia, The",2021,1776141480.03218,21.297709140523807
GMB,"Gambia, The",2022,1873704900.09444,21.351183537762225
GMB,"Gambia, The",2023,1984568191.32879,21.408667191566696
GMB,"Gambia, The",2024,2094736745.30154,21.46269372385753
GNB,Guinea-Bissau,2005,823345295.681209,20.5288862279801
GNB,Guinea-Bissau,2006,845299838.603667,20.55520196096535
GNB,Guinea-Bissau,2007,866938047.629768,20.580478076170685
GNB,Guinea-Bissau,2008,906163311.064931,20.62473010280182
GNB,Guinea-Bissau,2009,928345745.452418,20.64891479189393
GNB,Guinea-Bissau,2010,980382895.434522,20.703453762948826
GNB,Guinea-Bissau,2011,1059647261.07297,20.78120191711664
GNB,Guinea-Bissau,2012,1041496885.43544,20.763924828200377
GNB,Guinea-Bissau,2013,1075408772.95023,20.795966680155033
GNB,Guinea-Bissau,2014,1085781367.43837,20.80556571907322
GNB,Guinea-Bissau,2015,1152384166.79638,20.865098821750497
GNB,Guinea-Bissau,2016,1214989490.95557,20.918001264282232
GNB,Guinea-Bissau,2017,1271652706.03289,20.96358323473655
GNB,Guinea-Bissau,2018,1319485332.4773,21.000507597875654
GNB,Guinea-Bissau,2019,1389780856.97486,21.052411914807244
GNB,Guinea-Bissau,2020,1429964954.95595,21.080915773894112
GNB,Guinea-Bissau,2021,1502186168.85351,21.130187329913454
GNB,Guinea-Bissau,2022,1585255149.16317,21.1840112087102
GNB,Guinea-Bissau,2023,1677635814.13438,21.240651385759005
GNB,Guinea-Bissau,2024,1747195818.67949,21.28127795035694
GNQ,Equatorial Guinea,2005,9674942387.18021,22.99280512103111
GNQ,Equatorial Guinea,2006,10420388726.5973,23.067030178391267
GNQ,Equatorial Guinea,2007,12012844402.6491,23.209242281187638
GNQ,Equatorial Guinea,2008,14151023687.8999,23.373052803853476
GNQ,Equatorial Guinea,2009,14341122354.4363,23.386396936449596
GNQ,Equatorial Guinea,2010,13061295371.1388,23.292919142027593
GNQ,Equatorial Guinea,2011,13913404306.2274,23.356118550984835
GNQ,Equatorial Guinea,2012,15070007775.4052,23.43597236553725
GNQ,Equatorial Guinea,2013,14447134439.884,23.393761923180545
GNQ,Equatorial Guinea,2014,14507099626.4903,23.397903995956696
GNQ,Equatorial Guinea,2015,13185496881.0174,23.30238334136714
GNQ,Equatorial Guinea,2016,12023008461.8485,23.210088022744017
GNQ,Equatorial Guinea,2017,11341603434.7324,23.151743521611376
GNQ,Equatorial Guinea,2018,10634279338.5817,23.087348520122678
GNQ,Equatorial Guinea,2019,10051326714.9325,23.030970474174822
GNQ,Equatorial Guinea,2020,9569759527.14748,22.981873914315784
GNQ,Equatorial Guinea,2021,9652085293.25754,22.99043982151822
GNQ,Equatorial Guinea,2022,9963221065.40967,23.022166256401896
GNQ,Equatorial Guinea,2023,9456161986.86363,22.969932428053912
GNQ,Equatorial Guinea,2024,9541952850.62711,22.978964002781744
KEN,Kenya,2005,43795114731.9782,24.502788112308647
KEN,Kenya,2006,46629751036.7518,24.565504608630615
KEN,Kenya,2007,49824229272.6978,24.63176723423918
KEN,Kenya,2008,49939962360.0343,24.634087368093997
KEN,Kenya,2009,51591446859.569,24.66662173715898
KEN,Kenya,2010,55748929986.1062,24.74412405402812
KEN,Kenya,2011,58603891851.295,24.7940669451687
KEN,Kenya,2012,61281315911.5794,24.838740835901117
KEN,Kenya,2013,63608687382.8764,24.87601589203475
KEN,Kenya,2014,66801914096.6185,24.924997571219485
KEN,Kenya,2015,70120446896.8359,24.973480270293965
KEN,Kenya,2016,73074983895.0953,25.01475192755499
KEN,Kenya,2017,75879571212.3885,25.052413331132584
KEN,Kenya,2018,80165208728.3956,25.107355451318565
KEN,Kenya,2019,84264984851.3549,25.15723225210051
KEN,Kenya,2020,84035138346.859,25.154500861974043
KEN,Kenya,2021,90413816676.9795,25.22766293201292
KEN,Kenya,2022,94807911027.625,25.27511869238415
KEN,Kenya,2023,100230916344.516,25.330742524358993
KEN,Kenya,2024,104966566488.391,25.376907722003033
LBR,Liberia,2005,1781443510.53791,21.300689833575575
LBR,Liberia,2006,1924741222.72585,21.378057365896865
LBR,Liberia,2007,2108270598.33452,21.46913382671851
LBR,Liberia,2008,2258921103.43636,21.538153148384726
LBR,Liberia,2009,2378656131.45291,21.589801514504543
LBR,Liberia,2010,2523749998.53307,21.64901172701007
LBR,Liberia,2011,2730716886.49046,21.727830007455093
LBR,Liberia,2012,2949005327.42991,21.804733773298743
LBR,Liberia,2013,3205193907.94462,21.88803842718768
LBR,Liberia,2014,3227674916.86578,21.89502787499214
LBR,Liberia,2015,3227075700.0,21.894842208061515
LBR,Liberia,2016,3176896008.31,21.87917045902888
LBR,Liberia,2017,3254893758.73415,21.903425472668477
LBR,Liberia,2018,3292571599.13518,21.91493473747592
LBR,Liberia,2019,3211334057.92828,21.889952282123094
LBR,Liberia,2020,3115556299.79146,21.85967356065398
LBR,Liberia,2021,3270920145.66908,21.908337172385668
LBR,Liberia,2022,3428189426.39464,21.95529809473011
LBR,Liberia,2023,3588757484.77383,22.00107187501878
LBR,Liberia,2024,3733092094.5398,22.040502706957565
LSO,Lesotho,2005,1667849758.72804,21.234801064121164
LSO,Lesotho,2006,1738401391.78308,21.276231787517702
LSO,Lesotho,2007,1811204148.77671,21.3172577365937
LSO,Lesotho,2008,1911244554.99023,21.371020466277514
LSO,Lesotho,2009,1887282177.32009,21.35840362968372
LSO,Lesotho,2010,1986735734.7651,21.409758794572603
LSO,Lesotho,2011,2078451680.28081,21.454889068987566
LSO,Lesotho,2012,2210102550.34645,21.51630475427119
LSO,Lesotho,2013,2249719203.36981,21.534071246872454
LSO,Lesotho,2014,2288201773.07605,21.55103209410891
LSO,Lesotho,2015,2359686724.53829,21.581794703332978
LSO,Lesotho,2016,2444845631.39553,21.61724782143651
LSO,Lesotho,2017,2368122098.53455,21.585363114520046
LSO,Lesotho,2018,2333058897.5103,21.570446075063657
LSO,Lesotho,2019,2299976266.27346,21.556164640816736
LSO,Lesotho,2020,2112391171.33041,21.4710863993386
LSO,Lesotho,2021,2160272945.18777,21.493500414172146
LSO,Lesotho,2022,2211855514.87917,21.517097599702417
LSO,Lesotho,2023,2252257815.53386,21.535199023590305
LSO,Lesotho,2024,2316549022.3524,21.563344424847177
MDG,Madagascar,2005,8640170094.37648,22.87968810641772
MDG,Madagascar,2006,9106610406.88934,22.932266405094605
MDG,Madagascar,2007,9626649240.51396,22.98780105210537
MDG,Madagascar,2008,10272850829.8606,23.052770410473595
MDG,Madagascar,2009,9864124029.23054,23.012170176657886
MDG,Madagascar,2010,9925206605.67835,23.018343479996034
MDG,Madagascar,2011,10081868751.8746,23.034004474457703
MDG,Madagascar,2012,10385448752.8756,23.06367150498033
MDG,Madagascar,2013,10624353147.1587,23.086414669636195
MDG,Madagascar,2014,10979121878.0735,23.119261295155106
MDG,Madagascar,2015,11323020701.3017,23.15010372052902
MDG,Madagascar,2016,11775165456.5346,23.18925852826054
MDG,Madagascar,2017,12238318933.7165,23.227837762581686
MDG,Madagascar,2018,12629254472.2012,23.259281743237292
MDG,Madagascar,2019,13186360203.1442,23.30244881435407
MDG,Madagascar,2020,12245161113.1284,23.22839668472649
MDG,Madagascar,2021,12814644792.2069,23.273854478251636
MDG,Madagascar,2022,13347233960.4257,23.31457500634943
MDG,Madagascar,2023,13908224364.653,23.35574618301921
MDG,Madagascar,2024,14492369787.9526,23.396888126349292
MLI,Mali,2005,10754740076.8688,23.098612431718905
MLI,Mali,2006,11151547252.0345,23.1348440922239
MLI,Mali,2007,11347819622.1797,23.152291458646815
MLI,Mali,2008,11760733950.0728,23.1880321881899
MLI,Mali,2009,12402250894.7002,23.2411438168501
MLI,Mali,2010,13093898208.5384,23.29541217303395
MLI,Mali,2011,13478253743.0182,23.324343389752503
MLI,Mali,2012,13333713052.1336,23.31356148089674
MLI,Mali,2013,13772483870.1848,23.345938516149435
MLI,Mali,2014,14668058747.8609,23.408938092319335
MLI,Mali,2015,15583181170.4105,23.46945803949969
MLI,Mali,2016,16518961030.4362,23.5277747114414
MLI,Mali,2017,17406945659.5769,23.580135139355168
MLI,Mali,2018,18254289663.8519,23.627665939429047
MLI,Mali,2019,19167003985.6926,23.676456095180267
MLI,Mali,2020,18942920941.9796,23.664696133614996
MLI,Mali,2021,19530329790.3727,23.695234468040233
MLI,Mali,2022,20253575064.0318,23.731597161288423
MLI,Mali,2023,21210639746.3918,23.777768767557127
MLI,Mali,2024,22269531976.235,23.826485302109578
MOZ,Mozambique,2005,7953294766.92377,22.796852115848775
MOZ,Mozambique,2006,8741520167.29262,22.891349943673916
MOZ,Mozambique,2007,9410189984.44687,22.965058979972927
MOZ,Mozambique,2008,10057425620.5829,23.031577066342816
MOZ,Mozambique,2009,10653727556.9369,23.089175673210452
MOZ,Mozambique,2010,11365367724.1329,23.153836649568472
MOZ,Mozambique,2011,12176179697.5618,23.222747396297983
MOZ,Mozambique,2012,13149604768.3812,23.299657539482094
MOZ,Mozambique,2013,14013719723.4859,23.3633026669435
MOZ,Mozambique,2014,15093136077.3533,23.43750591300788
MOZ,Mozambique,2015,16208985769.615,23.508831602544976
MOZ,Mozambique,2016,16970320249.5828,23.554731787527906
MOZ,Mozambique,2017,17418032489.647,23.5807718565067
MOZ,Mozambique,2018,18025039081.8692,23.615027688318634
MOZ,Mozambique,2019,18442825951.8799,23.637941294519642
MOZ,Mozambique,2020,18217911539.7402,23.625671097605697
MOZ,Mozambique,2021,18651030677.5113,23.649167245718946
MOZ,Mozambique,2022,19465045724.7404,23.691886167080842
MOZ,Mozambique,2023,20532020330.7663,23.745251471842998
MOZ,Mozambique,2024,20973160980.9212,23.766509408741726
MRT,Mauritania,2005,4169149304.40539,22.150977848205812
MRT,Mauritania,2006,4933487730.19964,22.31931202522073
MRT,Mauritania,2007,4836326500.47834,22.299421281993634
MRT,Mauritania,2008,4820314428.25798,22.296104996959688
MRT,Mauritania,2009,4825032355.07832,22.29708327743059
MRT,Mauritania,2010,4951459275.31606,22.32294817317527
MRT,Mauritania,2011,5158072939.98105,22.363828885441883
MRT,Mauritania,2012,5388639480.83596,22.40755877457586
MRT,Mauritania,2013,5612311839.16241,22.448228564136524
MRT,Mauritania,2014,5852228252.66622,22.490088323558652
MRT,Mauritania,2015,6166863896.68677,22.54245626309763
MRT,Mauritania,2016,6244622452.80308,22.55498652278018
MRT,Mauritania,2017,6636194355.58626,22.61580449690875
MRT,Mauritania,2018,6952885074.44597,22.66242252901053
MRT,Mauritania,2019,7171275534.84383,22.693349374598274
MRT,Mauritania,2020,7145411800.0896,22.689736281389553
MRT,Mauritania,2021,7198481880.1079,22.697135990751423
MRT,Mauritania,2022,7687691068.95683,22.762886324268628
MRT,Mauritania,2023,8211183625.04944,22.828762918722173
MRT,Mauritania,2024,8729112418.52009,22.889929531356536
MUS,Mauritius,2005,8052910022.29355,22.809299356506482
MUS,Mauritius,2006,8444727951.65064,22.85680817255474
MUS,Mauritius,2007,8928358886.09423,22.91249843959267
MUS,Mauritius,2008,9409326234.90993,22.964967187014228
MUS,Mauritius,2009,9721252644.58154,22.997580320014695
MUS,Mauritius,2010,10146771628.6992,23.040421425702434
MUS,Mauritius,2011,10560510104.34,23.080387419393087
MUS,Mauritius,2012,10929718037.5047,23.114751341684514
MUS,Mauritius,2013,11297000949.1216,23.147803124706567
MUS,Mauritius,2014,11729333766.0201,23.18535870055802
MUS,Mauritius,2015,12162211503.0793,23.221599563978177
MUS,Mauritius,2016,12631973062.5133,23.25949698141753
MUS,Mauritius,2017,13129418116.1342,23.298121207152974
MUS,Mauritius,2018,13655479838.659,23.337406731398143
MUS,Mauritius,2019,14050298678.0198,23.365909490722263
MUS,Mauritius,2020,12006466620.7709,23.20871122665224
MUS,Mauritius,2021,12415142570.9354,23.242182739605035
MUS,Mauritius,2022,13494399202.0623,23.325540562385488
MUS,Mauritius,2023,14170187784.8097,23.374406142841337
MUS,Mauritius,2024,14868086969.4353,23.42248293880171
MWI,Malawi,2005,5267853576.27553,22.384888825504852
MWI,Malawi,2006,5515442681.93082,22.43081775513964
MWI,Malawi,2007,6044925172.60306,22.52248494254169
MWI,Malawi,2008,6506741521.33369,22.596104633500406
MWI,Malawi,2009,7048630103.04233,22.676099123264436
MWI,Malawi,2010,7533157578.1417,22.742580123949214
MWI,Malawi,2011,7904743381.9111,22.790728844324576
MWI,Malawi,2012,8054933506.22505,22.80955059857232
MWI,Malawi,2013,8490733601.03182,22.862241241196553
MWI,Malawi,2014,8968360291.15986,22.916968697105506
MWI,Malawi,2015,9219474379.31534,22.944583864138806
MWI,Malawi,2016,9449961238.71922,22.969276476720818
MWI,Malawi,2017,9827959688.35226,23.00849718988267
MWI,Malawi,2018,10255826273.6659,23.051111797986124
MWI,Malawi,2019,10842133933.7208,23.10670567093836
MWI,Malawi,2020,10928176721.5316,23.11461031108732
MWI,Malawi,2021,11426314939.9064,23.1591848603124
MWI,Malawi,2022,11531564448.65,23.168353847075032
MWI,Malawi,2023,11755940188.7261,23.187624497766944
MWI,Malawi,2024,11952668098.8907,23.204220362276175
NAM,Namibia,2005,7134269025.97086,22.688175633568903
NAM,Namibia,2006,7638888381.86825,22.75651792978326
NAM,Namibia,2007,8049405616.20712,22.808864089154824
NAM,Namibia,2008,8262699735.19694,22.83501721553212
NAM,Namibia,2009,8287154923.12437,22.837972553356128
NAM,Namibia,2010,8787636883.68937,22.896611671053122
NAM,Namibia,2011,9235045191.83414,22.9462713441248
NAM,Namibia,2012,9702493818.43111,22.995648784096193
NAM,Namibia,2013,10247261642.7308,23.05027635003134
NAM,Namibia,2014,10871578021.6669,23.109417699729534
NAM,Namibia,2015,11335161083.5061,23.151175331965586
NAM,Namibia,2016,11338991738.8743,23.15151321937727
NAM,Namibia,2017,11222512162.9739,23.141187612422303
NAM,Namibia,2018,11341464002.1253,23.151731227629753
NAM,Namibia,2019,11246291861.588,23.143304298959475
NAM,Namibia,2020,10335184546.1643,23.05881988634687
NAM,Namibia,2021,10707646943.9364,23.094223990818556
NAM,Namibia,2022,11285723332.8927,23.14680434200652
NAM,Namibia,2023,11787126126.6129,23.190273766618272
NAM,Namibia,2024,12224610619.8575,23.22671702066369
NER,Niger,2005,5601396628.31908,22.446281801507148
NER,Niger,2006,5933618261.55882,22.503900026034376
NER,Niger,2007,6120095511.70958,22.53484353983736
NER,Niger,2008,6593265446.85522,22.60931457818961
NER,Niger,2009,6722664934.31258,22.628750480475357
NER,Niger,2010,7299346341.92573,22.71105063888966
NER,Niger,2011,7471447186.58798,22.734354550471604
NER,Niger,2012,8259606009.352,22.834642724716016
NER,Niger,2013,8698614858.59842,22.886429638276073
NER,Niger,2014,9276388744.59484,22.950738164106966
NER,Niger,2015,9683867926.44282,22.993727237602375
NER,Niger,2016,10239808436.9433,23.049548749053034
NER,Niger,2017,10752347793.0235,23.09838996702544
NER,Niger,2018,11527744540.163,23.168022535453876
NER,Niger,2019,12212475570.6373,23.22572385395608
NER,Niger,2020,12646096746.8881,23.260614446948008
NER,Niger,2021,12821067681.4111,23.274355567452506
NER,Niger,2022,14346774735.5026,23.386790996782544
NER,Niger,2023,14586026438.1981,23.40332981408038
NER,Niger,2024,16088387161.4462,23.50136355435881
NGA,Nigeria,2005,273974099482.935,26.336299411431938
NGA,Nigeria,2006,290575362867.503,26.395128804266605
NGA,Nigeria,2007,309727563830.139,26.458958921676935
NGA,Nigeria,2008,330679000570.779,26.524413954980787
NGA,Nigeria,2009,357255424171.356,26.601716836765984
NGA,Nigeria,2010,385856064172.786,26.678730246126122
NGA,Nigeria,2011,406337011591.35,26.730448730035295
NGA,Nigeria,2012,423525315758.055,26.771879126720762
NGA,Nigeria,2013,451780110046.799,26.83646141621044
NGA,Nigeria,2014,480286163931.15,26.89764793806328
NGA,Nigeria,2015,493026682800.63,26.923829132852337
NGA,Nigeria,2016,485055087455.821,26.90752830381704
NGA,Nigeria,2017,488964081500.903,26.915554870760094
NGA,Nigeria,2018,498365674277.734,26.93459993021348
NGA,Nigeria,2019,509371727735.744,26.956443896843837
NGA,Nigeria,2020,476930359891.946,26.890636321142637
NGA,Nigeria,2021,482220722020.13,26.901667775681638
NGA,Nigeria,2022,503047012794.856,26.943949467479495
NGA,Nigeria,2023,519782610025.928,26.97667650346898
NGA,Nigeria,2024,540898072115.881,27.016496691602022
RWA,Rwanda,2005,4038589400.18749,22.11916130958006
RWA,Rwanda,2006,4411233104.10076,22.207420102762402
RWA,Rwanda,2007,4747955680.84802,22.280979979372262
RWA,Rwanda,2008,5277886757.25615,22.386791619180876
RWA,Rwanda,2009,5607662712.73541,22.44739984092123
RWA,Rwanda,2010,6018965507.59309,22.518181238908
RWA,Rwanda,2011,6497978178.31424,22.59475691597196
RWA,Rwanda,2012,7059501492.72193,22.677640275862508
RWA,Rwanda,2013,7392699272.95995,22.72375876542634
RWA,Rwanda,2014,7848619320.21664,22.78360347049659
RWA,Rwanda,2015,8543760199.80208,22.868467052267814
RWA,Rwanda,2016,9053886356.47148,22.92645993413317
RWA,Rwanda,2017,9408633100.29498,22.964893519662425
RWA,Rwanda,2018,10209916254.6891,23.046625266806203
RWA,Rwanda,2019,11174486370.4509,23.136899014013984
RWA,Rwanda,2020,10797494124.6384,23.102579918658062
RWA,Rwanda,2021,11969932683.8627,23.20566373276303
RWA,Rwanda,2022,12946823692.9381,23.28411632033061
RWA,Rwanda,2023,14014924091.7947,23.363388605336915
RWA,Rwanda,2024,15260942682.7546,23.448562635649303
SDN,Sudan,2005,50129334265.0222,24.63787218796253
SDN,Sudan,2006,53403487491.79,24.70114188961505
SDN,Sudan,2007,56466323951.3765,24.75691026113976
SDN,Sudan,2008,58638439292.8844,24.79465627911067
SDN,Sudan,2009,57015500648.426,24.76658900901211
SDN,Sudan,2010,59215296613.7581,24.80444573420566
SDN,Sudan,2011,57312394053.386,24.771782738383607
SDN,Sudan,2012,47566600027.2224,24.585396671790715
SDN,Sudan,2013,48496595854.7667,24.604759443865007
SDN,Sudan,2014,50757206252.6521,24.650319439914103
SDN,Sudan,2015,51726758676.7677,24.669241060517514
SDN,Sudan,2016,53520457581.1072,24.70332980245157
SDN,Sudan,2017,53900054790.1369,24.710397331375447
SDN,Sudan,2018,52455031754.9093,24.683222101503983
SDN,Sudan,2019,51312429477.3951,24.661198849783354
SDN,Sudan,2020,49449890489.355,24.624225680439476
SDN,Sudan,2021,48525909156.8784,24.605363701670967
SDN,Sudan,2022,48061119947.9824,24.595739370103953
SDN,Sudan,2023,33915159867.9417,24.247127945116087
SDN,Sudan,2024,29179132473.6304,24.096719649428792
SEN,Senegal,2005,12573060904.8807,23.25482233864663
SEN,Senegal,2006,12866110160.1646,23.27786257201302
SEN,Senegal,2007,13229850430.9674,23.3057415097159
SEN,Senegal,2008,13719774159.3291,23.342103998418374
SEN,Senegal,2009,14097356679.2382,23.369253147198346
SEN,Senegal,2010,14575382431.8826,23.40259980773291
SEN,Senegal,2011,14769831308.7257,23.4158525122143
SEN,Senegal,2012,15361066998.8901,23.455102028326856
SEN,Senegal,2013,15731635117.4164,23.4789394975918
SEN,Senegal,2014,16710783797.4248,23.53932008434384
SEN,Senegal,2015,17774766696.1759,23.601045687158628
SEN,Senegal,2016,18904543055.8656,23.66266810345319
SEN,Senegal,2017,20304894471.3123,23.734127800893738
SEN,Senegal,2018,21565674310.7132,23.7943687353129
SEN,Senegal,2019,22560634320.127,23.839472380207898
SEN,Senegal,2020,22863414676.2849,23.852803857573765
SEN,Senegal,2021,24359596784.117,23.916191727274967
SEN,Senegal,2022,25297546478.5042,23.953973250843077
SEN,Senegal,2023,26374572022.2227,23.995666201965403
SEN,Senegal,2024,27973016519.3217,24.05450618672982
SLE,Sierra Leone,2005,4637426225.10187,22.257425356419596
SLE,Sierra Leone,2006,4836052320.36646,22.29936458857477
SLE,Sierra Leone,2007,5017392581.4315,22.336176229622637
SLE,Sierra Leone,2008,5202336667.33238,22.37237372070461
SLE,Sierra Leone,2009,5281974205.57014,22.387565767350537
SLE,Sierra Leone,2010,5617678842.06416,22.449184398110514
SLE,Sierra Leone,2011,6072747634.58121,22.52707699768492
SLE,Sierra Leone,2012,6715143020.4477,22.62763096534673
SLE,Sierra Leone,2013,7699806185.67422,22.764460994797602
SLE,Sierra Leone,2014,7098065167.70102,22.683088072264244
SLE,Sierra Leone,2015,6788352974.78329,22.638474182787203
SLE,Sierra Leone,2016,7225348888.80731,22.700861358887305
SLE,Sierra Leone,2017,7457128029.04966,22.7324361943361
SLE,Sierra Leone,2018,7672926606.69678,22.760963944958277
SLE,Sierra Leone,2019,8095145458.32686,22.814530392824622
SLE,Sierra Leone,2020,7993685031.06354,22.801917695791758
SLE,Sierra Leone,2021,8465060863.02376,22.859213042467122
SLE,Sierra Leone,2022,8914856495.10508,22.910984991116262
SLE,Sierra Leone,2023,9423896753.16695,22.96651450806207
SLE,Sierra Leone,2024,9828485690.6466,23.008550709456973
SOM,"Somalia, Fed. Rep.",2005,2932027546.4602,21.798960016035892
SOM,"Somalia, Fed. Rep.",2006,3122209723.10745,21.861806832666684
SOM,"Somalia, Fed. Rep.",2007,3331221429.82663,21.926604869429383
SOM,"Somalia, Fed. Rep.",2008,3554225115.76575,21.991402906193915
SOM,"Somalia, Fed. Rep.",2009,3792157453.24222,22.05620094295664
SOM,"Somalia, Fed. Rep.",2010,4046017818.73357,22.120998979719236
SOM,"Somalia, Fed. Rep.",2011,4316872490.49444,22.18579701648276
SOM,"Somalia, Fed. Rep.",2012,4605859127.18469,22.250595053245117
SOM,"Somalia, Fed. Rep.",2013,5110628982.78701,22.35458832219527
SOM,"Somalia, Fed. Rep.",2014,5569461554.68169,22.440564217394506
SOM,"Somalia, Fed. Rep.",2015,6152149099.99942,22.54006730487678
SOM,"Somalia, Fed. Rep.",2016,6584944951.37229,22.608051812406224
SOM,"Somalia, Fed. Rep.",2017,7555288980.07721,22.745513682115266
SOM,"Somalia, Fed. Rep.",2018,7710498420.37301,22.765848668394966
SOM,"Somalia, Fed. Rep.",2019,7926418061.75135,22.793467075939517
SOM,"Somalia, Fed. Rep.",2020,7707287719.38597,22.765432175261083
SOM,"Somalia, Fed. Rep.",2021,7972973226.06341,22.799323312385553
SOM,"Somalia, Fed. Rep.",2022,8189695542.68851,22.8261425598455
SOM,"Somalia, Fed. Rep.",2023,8531635197.80811,22.86704687970378
SOM,"Somalia, Fed. Rep.",2024,8882404280.64207,22.907338109628252
SDS,South Sudan,2008,20185217785.8109,23.72821638068089
SDS,South Sudan,2009,21202884179.2359,23.777403055561308
SDS,South Sudan,2010,22367646895.0144,23.830881416706113
SDS,South Sudan,2011,21329717232.6938,23.78336711255295
SDS,South Sudan,2012,11500530835.4315,23.165659030853032
SDS,South Sudan,2013,13010519613.8763,23.28902406824869
SDS,South Sudan,2014,13449448810.7001,23.322203961537436
SDS,South Sudan,2015,11997800760.2242,23.2079891999571
STP,Sao Tome and Principe,2005,176048759.302531,18.98627155612517
STP,Sao Tome and Principe,2006,191657434.828232,19.071220142819918
STP,Sao Tome and Principe,2007,198636586.369116,19.106987514004015
STP,Sao Tome and Principe,2008,211009232.403659,19.167412445950678
STP,Sao Tome and Principe,2009,217977600.590737,19.199902865890486
STP,Sao Tome and Principe,2010,221134908.544338,19.2142835191377
STP,Sao Tome and Principe,2011,225556350.897449,19.234080578803997
STP,Sao Tome and Principe,2012,232194345.227845,19.263085273907603
STP,Sao Tome and Principe,2013,244081946.538405,19.313014573342546
STP,Sao Tome and Principe,2014,256057120.595489,19.360911104880767
STP,Sao Tome and Principe,2015,259999643.047388,19.376190816084197
STP,Sao Tome and Principe,2016,273459368.754364,19.42666360847702
STP,Sao Tome and Principe,2017,284706696.977306,19.46697007489857
STP,Sao Tome and Principe,2018,297171520.830854,19.509820041286545
STP,Sao Tome and Principe,2019,303157496.465873,19.529763018745864
STP,Sao Tome and Principe,2020,311114954.79799,19.555673031422856
STP,Sao Tome and Principe,2021,317023957.753826,19.574487905496287
STP,Sao Tome and Principe,2022,317558772.390522,19.576173469057707
STP,Sao Tome and Principe,2023,318740893.733006,19.579889085348054
STP,Sao Tome and Principe,2024,322247041.654835,19.590829019461633
SWZ,Eswatini,2005,2868851690.22305,21.777177678717184
SWZ,Eswatini,2006,3061891254.30998,21.842298618956203
SWZ,Eswatini,2007,3194095189.73391,21.884569688966998
SWZ,Eswatini,2008,3240107842.57048,21.8988724509407
SWZ,Eswatini,2009,3286542195.57087,21.91310184464554
SWZ,Eswatini,2010,3412233861.45679,21.950633005099473
SWZ,Eswatini,2011,3475009965.0534,21.96886318360032
SWZ,Eswatini,2012,3617154618.7404,22.00895353678828
SWZ,Eswatini,2013,3765262097.18702,22.049083309902016
SWZ,Eswatini,2014,3842727914.01316,22.069448345609732
SWZ,Eswatini,2015,3908217914.21824,22.086347330631273
SWZ,Eswatini,2016,4023477834.54531,22.11541249853698
SWZ,Eswatini,2017,4165142616.56823,22.150016353652028
SWZ,Eswatini,2018,4167866438.89669,22.150670096473462
SWZ,Eswatini,2019,4435938143.62829,22.21300496215974
SWZ,Eswatini,2020,4304996589.59367,22.183042182629197
SWZ,Eswatini,2021,4487365678.93282,22.22453165804159
SWZ,Eswatini,2022,4504690089.10423,22.22838493298872
SWZ,Eswatini,2023,4663821718.37207,22.263101060215135
SWZ,Eswatini,2024,4802519614.26982,22.29240653677768
SYC,Seychelles,2005,936072662.702788,20.65720366252145
SYC,Seychelles,2006,1024120860.74662,20.747100384671832
SYC,Seychelles,2007,1115022508.93326,20.83214042903882
SYC,Seychelles,2008,1084627594.53557,20.804502534178855
SYC,Seychelles,2009,1057735598.8393,20.779396232571553
SYC,Seychelles,2010,1105387984.2341,20.82346222724293
SYC,Seychelles,2011,1210507986.73155,20.91430593219881
SYC,Seychelles,2012,1248162998.34204,20.944938706011076
SYC,Seychelles,2013,1263811654.24036,20.957398113847088
SYC,Seychelles,2014,1315169064.95728,20.99723106081961
SYC,Seychelles,2015,1432403352.12944,21.082619536304634
SYC,Seychelles,2016,1605975218.58763,21.196997021833642
SYC,Seychelles,2017,1717657339.98638,21.264227187755026
SYC,Seychelles,2018,1802500555.76177,21.312440735451634
SYC,Seychelles,2019,1901895701.03715,21.36611696309766
SYC,Seychelles,2020,1678615792.63838,21.241235357788916
SYC,Seychelles,2021,1687886479.31967,21.246742979270813
SYC,Seychelles,2022,1902424765.1769,21.36639510167608
SYC,Seychelles,2023,1945405357.99613,21.388736202583203
SYC,Seychelles,2024,2012826895.3276,21.422805986527187
TCD,Chad,2005,9841348751.69791,23.00985860687956
TCD,Chad,2006,9787927000.51755,23.004415524439928
TCD,Chad,2007,10199036983.3526,23.045559139382608
TCD,Chad,2008,10513288725.5159,23.075905886828533
TCD,Chad,2009,10365231906.8954,23.061722956621043
TCD,Chad,2010,11782555814.4129,23.189885953811235
TCD,Chad,2011,12312232324.3094,23.233859103050687
TCD,Chad,2012,13427942676.0538,23.320603647068925
TCD,Chad,2013,13809056592.5367,23.348590488676923
TCD,Chad,2014,14093914057.3116,23.369008914011705
TCD,Chad,2015,14559599499.5011,23.401516372434234
TCD,Chad,2016,13959379525.7795,23.359417486715458
TCD,Chad,2017,13733590857.5857,23.34311055622392
TCD,Chad,2018,14522052213.2592,23.39893417335725
TCD,Chad,2019,15303748438.8629,23.451363631342293
TCD,Chad,2020,15243505756.0454,23.447419397236494
TCD,Chad,2021,15288236703.0071,23.450349526692776
TCD,Chad,2022,15919594857.6964,23.490816568401666
TCD,Chad,2023,16553201687.3505,23.529845375488428
TCD,Chad,2024,17248313422.9922,23.570980203063566
TGO,Togo,2005,3683570962.95413,22.027148488990246
TGO,Togo,2006,3781190459.44883,22.053304733357987
TGO,Togo,2007,3736756295.1134,22.041483771278113
TGO,Togo,2008,3887557323.6915,22.081046859987165
TGO,Togo,2009,4099577351.44505,22.134149720329646
TGO,Togo,2010,4339580301.80856,22.191043475730122
TGO,Togo,2011,4592285181.71423,22.247643598067146
TGO,Togo,2012,4881723795.11932,22.30876423114285
TGO,Togo,2013,5166047627.07863,22.365373750911406
TGO,Togo,2014,5457063353.66745,22.42017663469782
TGO,Togo,2015,5755457836.01866,22.47341443043358
TGO,Togo,2016,5998044851.32381,22.514699394958477
TGO,Togo,2017,6238441246.41392,22.553996187868286
TGO,Togo,2018,6537585941.16754,22.600833812127533
TGO,Togo,2019,6859420393.24743,22.6488887843344
TGO,Togo,2020,7007740719.48155,22.670281192105193
TGO,Togo,2021,7367160812.92227,22.720298233229567
TGO,Togo,2022,7830882103.10093,22.7813409974494
TGO,Togo,2023,8315779388.69167,22.841420678053936
TGO,Togo,2024,8858969845.08846,22.904696324497444
TZA,Tanzania,2005,25882267435.0187,23.97682391615004
TZA,Tanzania,2006,27572954444.2321,24.040101217801556
TZA,Tanzania,2007,29439239572.2798,24.105594300727564
TZA,Tanzania,2008,31113277454.4947,24.160900492821114
TZA,Tanzania,2009,32752668789.9028,24.212250285475587
TZA,Tanzania,2010,34828049320.6343,24.273688914031975
TZA,Tanzania,2011,37500111399.4432,24.34760974057018
TZA,Tanzania,2012,39187673997.6272,24.39162809546053
TZA,Tanzania,2013,41845219654.6812,24.45724340166305
TZA,Tanzania,2014,44662433111.6494,24.522398562654725
TZA,Tanzania,2015,47413919817.124,24.582181689563654
TZA,Tanzania,2016,50669888784.2555,24.648597661528633
TZA,Tanzania,2017,54078588995.4215,24.713704177279748
TZA,Tanzania,2018,57054358529.8857,24.767270308756718
TZA,Tanzania,2019,60363511324.6004,24.823650642192515
TZA,Tanzania,2020,61565931105.4141,24.84337448801766
TZA,Tanzania,2021,64226431583.1539,24.885680669817003
TZA,Tanzania,2022,67159014151.451,24.93032898994514
TZA,Tanzania,2023,70563656177.7408,24.979781063880473
TZA,Tanzania,2024,74463225268.4644,25.033571219903667
UGA,Uganda,2005,16901146460.5212,23.550647294475215
UGA,Uganda,2006,18723891904.5488,23.65306618727148
UGA,Uganda,2007,20299025448.8812,23.733838714397482
UGA,Uganda,2008,22066817213.6558,23.8173408335691
UGA,Uganda,2009,23567695614.7273,23.88314278139011
UGA,Uganda,2010,24896350765.3932,23.93798707407005
UGA,Uganda,2011,27234530259.5375,24.027751499957063
UGA,Uganda,2012,28279643267.7641,24.065408063601165
UGA,Uganda,2013,29294007439.7726,24.100648807811655
UGA,Uganda,2014,30789849487.5724,24.150450910516614
UGA,Uganda,2015,32387183730.1002,24.201028617602866
UGA,Uganda,2016,33935615078.9833,24.24773089214734
UGA,Uganda,2017,34998276801.8745,24.278564662991624
UGA,Uganda,2018,37204541496.6985,24.339696674018544
UGA,Uganda,2019,39600047064.28,24.40209614369806
UGA,Uganda,2020,40768765796.4748,24.431182080973876
UGA,Uganda,2021,42210585952.7826,24.46593687849196
UGA,Uganda,2022,44147216889.624,24.510795724401817
UGA,Uganda,2023,46503341915.459,24.562790016106913
UGA,Uganda,2024,49319389340.67,24.62158313358987
ZAF,South Africa,2005,267546870424.295,26.31256060447327
ZAF,South Africa,2006,282539679229.874,26.367084835120565
ZAF,South Africa,2007,297685145427.081,26.419302205930396
ZAF,South Africa,2008,307184409060.741,26.450714085176614
ZAF,South Africa,2009,302459639039.778,26.435213680853554
ZAF,South Africa,2010,311653604140.269,26.46515816483926
ZAF,South Africa,2011,321528523981.702,26.496352098249066
ZAF,South Africa,2012,329233094599.263,26.52003183107092
ZAF,South Africa,2013,337416077838.151,26.544582658081076
ZAF,South Africa,2014,342186555600.731,26.558621909499248
ZAF,South Africa,2015,346709790458.563,26.57175392823078
ZAF,South Africa,2016,349013858372.625,26.578377467164547
ZAF,South Africa,2017,353055253707.071,26.58989040771313
ZAF,South Africa,2018,358551560868.533,26.605338310545488
ZAF,South Africa,2019,359483563936.676,26.60793429383197
ZAF,South Africa,2020,337307318679.639,26.544260276613304
ZAF,South Africa,2021,353695896167.047,26.591703330509386
ZAF,South Africa,2022,360975440918.611,26.61207576226873
ZAF,South Africa,2023,363885280375.697,26.62010449110557
ZAF,South Africa,2024,365831497261.341,26.625438674339428
ZMB,Zambia,2005,10887711636.03,23.11090061737744
ZMB,Zambia,2006,11748243095.7729,23.186969542592777
ZMB,Zambia,2007,12729507610.1931,23.267188569285572
ZMB,Zambia,2008,13719086269.626,23.342053858602615
ZMB,Zambia,2009,14984033821.7868,23.43025105927911
ZMB,Zambia,2010,16527123087.7163,23.528268691751858
ZMB,Zambia,2011,17447560252.6576,23.58246566221873
ZMB,Zambia,2012,18773117888.8094,23.655691783968987
ZMB,Zambia,2013,19722575262.7917,23.70502976901404
ZMB,Zambia,2014,20648211567.0616,23.7508945456809
ZMB,Zambia,2015,21251216798.7762,23.77967999179636
ZMB,Zambia,2016,22049221308.1088,23.816543123390684
ZMB,Zambia,2017,22826646593.6169,23.851194400742983
ZMB,Zambia,2018,23747586257.2512,23.89074673098862
ZMB,Zambia,2019,24089861649.0155,23.905056910468925
ZMB,Zambia,2020,23418945736.8993,23.87681117859888
ZMB,Zambia,2021,24879098747.8861,23.937293880201725
ZMB,Zambia,2022,26175604214.1895,23.988093677073245
ZMB,Zambia,2023,27580695690.34,24.04038193344376
ZMB,Zambia,2024,28634291574.827,24.077870842651276
ZWE,Zimbabwe,2005,13589857106.157,23.332589550422618
ZWE,Zimbabwe,2006,13119457397.7207,23.29736226272609
ZWE,Zimbabwe,2007,12640170700.3122,23.260145730345467
ZWE,Zimbabwe,2008,10406779091.4808,23.065723266460417
ZWE,Zimbabwe,2009,11787972496.3516,23.19034556862874
ZWE,Zimbabwe,2010,14107304144.8004,23.369958524656113
ZWE,Zimbabwe,2011,16109682999.8506,23.5026863567133
ZWE,Zimbabwe,2012,18794430788.9262,23.656826428264583
ZWE,Zimbabwe,2013,19168343271.8446,23.67652596730865
ZWE,Zimbabwe,2014,19623972034.3634,23.700017718828377
ZWE,Zimbabwe,2015,19973250000.0,23.71765971524892
ZWE,Zimbabwe,2016,20124206636.7998,23.725189237700057
ZWE,Zimbabwe,2017,21076969325.2127,23.771446780132454
ZWE,Zimbabwe,2018,22132908952.043,23.82033143072339
ZWE,Zimbabwe,2019,20731353612.1651,23.754913058520653
ZWE,Zimbabwe,2020,19110793941.1996,23.673519140185906
ZWE,Zimbabwe,2021,20729099176.6536,23.754804307392188
ZWE,Zimbabwe,2022,22001713149.7897,23.81438615771797
ZWE,Zimbabwe,2023,23178995952.2035,23.866512358656877
ZWE,Zimbabwe,2024,23582865676.3961,23.883786254628895
