Year,ISO,National_Urban_NO2_Sum,GDP,log_GDP,Country
2005,AGO,2.17459867892066e+32,54852422288.0144,24.72791218473473,Angola
2006,AGO,1.82010332330083e+33,61347946235.7733,24.83982753135348,Angola
2007,AGO,4.653450573405451e+32,69324828859.446,24.96206895977512,Angola
2008,AGO,1.748145689733824e+33,76802645840.5628,25.06450492755561,Angola
2009,AGO,7.132199660115533e+32,78335311067.8479,25.0842643097784,Angola
2010,AGO,1.2100553455767458e+33,82482120582.925,25.13584738659286,Angola
2011,AGO,3.732933087070713e+32,85446420441.9715,25.17115535495733,Angola
2012,AGO,8.206140338421888e+32,92712034533.3955,25.252764123458757,Angola
2013,AGO,1.318329685264833e+33,97239220009.2494,25.300439965066907,Angola
2014,AGO,5.426596104132391e+32,101766409287.849,25.34594591890865,Angola
2015,AGO,8.608938396544555e+32,102543067840.732,25.353548721332395,Angola
2016,AGO,8.042716755352404e+32,100799291837.039,25.3363971671328,Angola
2017,AGO,1.4213450901459018e+33,100648701499.631,25.334902087802757,Angola
2018,AGO,1.6058080187154822e+33,100050434318.105,25.328940238977275,Angola
2019,AGO,1.7712079681560864e+33,99845650843.2744,25.326891338957,Angola
2020,AGO,2.548818749035157e+33,95809443080.1137,25.285627087839075,Angola
2021,AGO,1.2637374872601008e+33,97824078558.145,25.30643658571046,Angola
2022,AGO,1.6893996820784664e+33,101948344238.666,25.347732092919504,Angola
2023,AGO,4.409328981984455e+32,103236265970.233,25.360286042702523,Angola
2024,AGO,1.2443399943670348e+33,107803341999.578,25.40357449679213,Angola
2025,AGO,9.789352199565429e+32,,,Angola
2005,BDI,6.149507064599009e+31,1903493481.08303,21.36695670908069,Burundi
2006,BDI,5.456364479133241e+31,2006544947.16489,21.41968014820026,Burundi
2007,BDI,5.057106895184716e+31,2075660260.38688,21.453545137791707,Burundi
2008,BDI,4.856397696253312e+31,2177549065.459,21.501465799368876,Burundi
2009,BDI,5.87196337257144e+31,2260014499.81439,21.5386370660571,Burundi
2010,BDI,6.160446503380934e+31,2375133693.99181,21.58831956505575,Burundi
2011,BDI,6.264234647050965e+31,2470719237.95292,21.6277751346535,Burundi
2012,BDI,6.842082982931824e+31,2579999920.33893,21.671055205003555,Burundi
2013,BDI,5.306689561720127e+31,2707037177.57679,21.719120581350836,Burundi
2014,BDI,5.1387530901560135e+31,2821948416.12645,21.760693411020192,Burundi
2015,BDI,5.74847471231467e+31,2810532912.49975,21.75663995088747,Burundi
2016,BDI,4.597650026112596e+31,2900474875.87058,21.788140310833423,Burundi
2017,BDI,5.539772716937709e+31,3011616941.94606,21.825742961487595,Burundi
2018,BDI,6.49298626153932e+31,3172504889.35261,21.87778729871873,Burundi
2019,BDI,5.5591572409123525e+31,3313977733.08389,21.921415036882912,Burundi
2020,BDI,5.582624207713043e+31,3324133212.69452,21.92447478915781,Burundi
2021,BDI,5.19380381068199e+31,3431737891.18244,21.956332643622545,Burundi
2022,BDI,4.81905855500219e+31,3511275322.23022,21.979245148099043,Burundi
2023,BDI,3.0001633268420785e+31,3625559222.01905,22.01127438149813,Burundi
2024,BDI,2.5245017360531533e+31,3774652142.65546,22.05157406776061,Burundi
2025,BDI,3.887852386472096e+31,,,Burundi
2005,BEN,2.505748808263281e+32,7532259620.47862,22.742460916143376,Benin
2006,BEN,2.67647051559107e+32,7829312267.7691,22.7811405101119,Benin
2007,BEN,2.5170672339417747e+32,8298002249.61043,22.839280629959777,Benin
2008,BEN,2.067992372866408e+32,8704320326.21926,22.88708532856793,Benin
2009,BEN,2.3191632691939168e+32,8906198943.30981,22.9100133817179,Benin
2010,BEN,2.3778047934199763e+32,9094481753.64081,22.930933665835138,Benin
2011,BEN,2.5386652376900597e+32,9364019722.08608,22.960140492733267,Benin
2012,BEN,2.7252819285294856e+32,9814543622.24071,23.00713116560505,Benin
2013,BEN,3.0008213164753954e+32,10520350021.8969,23.076577315745904,Benin
2014,BEN,2.478677020720978e+32,11189200116.267,23.13821487470161,Benin
2015,BEN,3.0309410084936237e+32,11388160996.7738,23.155840143667767,Benin
2016,BEN,3.233125792507508e+32,11768488383.3269,23.188691320346923,Benin
2017,BEN,2.941385176910083e+32,12435945492.7429,23.243856946111677,Benin
2018,BEN,2.9784540889282303e+32,13268812302.6618,23.30868217884801,Benin
2019,BEN,2.652469900973447e+32,14179807374.6843,23.37508477366224,Benin
2020,BEN,2.6246692381946124e+32,14725558723.2985,23.412850509621496,Benin
2021,BEN,2.9148182156979414e+32,15779238957.3117,23.481960922893872,Benin
2022,BEN,2.98357628010695e+32,16765906414.7949,23.542613281301985,Benin
2023,BEN,3.010132392503181e+32,17831007125.9788,23.604204752138127,Benin
2024,BEN,2.7811663117412648e+32,19159972710.8241,23.67608918520962,Benin
2025,BEN,2.940209304670452e+32,,,Benin
2005,BFA,5.090105559320477e+32,6954815456.4763,22.66270012803396,Burkina Faso
2006,BFA,5.416891035987706e+32,7389711520.7284,22.723354534707287,Burkina Faso
2007,BFA,5.261088517519228e+32,7693530569.65392,22.763645626892934,Burkina Faso
2008,BFA,4.709224263523831e+32,8139754707.2893,22.82002588226717,Burkina Faso
2009,BFA,5.370073761382436e+32,8380850241.73524,22.849215207121198,Burkina Faso
2010,BFA,4.888925386504143e+32,9088720451.70527,22.930299970838703,Burkina Faso
2011,BFA,5.434959189857655e+32,9690626654.34607,22.99442493096921,Burkina Faso
2012,BFA,5.514101379779012e+32,10315931043.8746,23.056955240557222,Burkina Faso
2013,BFA,5.5506790181007126e+32,10913490102.1529,23.1132654850069,Burkina Faso
2014,BFA,6.165981562093016e+32,11385699970.03,23.155624016349087,Burkina Faso
2015,BFA,6.1501239576011576e+32,11832159315.6298,23.19408702707408,Burkina Faso
2016,BFA,6.448912991817113e+32,12537116611.6541,23.251959410437227,Burkina Faso
2017,BFA,6.3399535823716376e+32,13314855313.1302,23.31214618969665,Burkina Faso
2018,BFA,6.041340608251654e+32,14194244128.6065,23.37610237632404,Burkina Faso
2019,BFA,6.084491594260512e+32,15030172259.3791,23.433325501682152,Burkina Faso
2020,BFA,5.870429637370685e+32,15332394848.5201,23.453233737362964,Burkina Faso
2021,BFA,6.3903210776810914e+32,16396850182.5889,23.520355091293027,Burkina Faso
2022,BFA,6.246097718624643e+32,16663583086.9504,23.536491521806123,Burkina Faso
2023,BFA,6.47915234280433e+32,17163536264.1285,23.56605298577365,Burkina Faso
2024,BFA,5.018930930128387e+32,17987353311.1315,23.612934754081834,Burkina Faso
2025,BFA,6.342559166311071e+32,,,Burkina Faso
2005,BWA,1.394144463434456e+33,10145481816.2871,23.040294302076926,Botswana
2006,BWA,1.121669938719441e+33,10994036837.1472,23.120618857038465,Botswana
2007,BWA,1.3398074989633956e+33,11630872553.1126,23.17692882672566,Botswana
2008,BWA,1.0135543260989405e+33,12009117014.1882,23.20893194945193,Botswana
2009,BWA,1.1525169773501584e+33,10310519328.3503,23.056430505030672,Botswana
2010,BWA,8.852814153754013e+32,11353915357.5123,23.15282848680652,Botswana
2011,BWA,5.90202208328397e+32,12130342700.3127,23.218975811796167,Botswana
2012,BWA,1.322971425839061e+33,12109617148.6354,23.21726577953069,Botswana
2013,BWA,1.2892297527759196e+33,13454136663.42,23.32255245432639,Botswana
2014,BWA,1.5658698955775664e+33,14220638232.789,23.37796014307021,Botswana
2015,BWA,1.3589678330403534e+33,13530748844.505,23.32823062456759,Botswana
2016,BWA,1.4998098288268213e+33,14505561464.3559,23.397797962102647,Botswana
2017,BWA,1.4071027672612873e+33,15102375175.8986,23.438117864814632,Botswana
2018,BWA,1.2721707067993528e+33,15734967212.8207,23.47915128375045,Botswana
2019,BWA,1.3107842506465234e+33,16212015762.4196,23.509018517980667,Botswana
2020,BWA,1.4588606064814665e+33,14796887965.3696,23.41768272299593,Botswana
2021,BWA,9.806231654006098e+32,16560125447.6096,23.530263561213577,Botswana
2022,BWA,8.490881076791292e+32,17468616755.5627,23.583671779684156,Botswana
2023,BWA,7.656675925646806e+32,18029021881.095,23.615248623166785,Botswana
2024,BWA,1.1610251505925182e+33,17489977781.8862,23.584893855643703,Botswana
2025,BWA,1.252512585908571e+33,,,Botswana
2005,CAF,-3.7175386804797415e+31,1835473623.16461,21.330568390416328,Central African Rep.
2006,CAF,2.0746271358728137e+32,1923045637.77901,21.37717603586583,Central African Rep.
2007,CAF,-1.6470768477298168e+32,2011650635.80801,21.422221433852226,Central African Rep.
2008,CAF,-1.4696176363548471e+32,2052972574.3655,21.44255461608516,Central African Rep.
2009,CAF,2.966626365362859e+32,2229266675.80904,21.524938523408405,Central African Rep.
2010,CAF,4.1303206054653054e+32,2332499967.93604,21.57020647693917,Central African Rep.
2011,CAF,7.506195774619955e+31,2430339369.3364,21.611296742710703,Central African Rep.
2012,CAF,5.953275080376637e+32,2553162918.71416,21.6605987877855,Central African Rep.
2013,CAF,5.427824829756378e+32,1624016454.05115,21.208168210439467,Central African Rep.
2014,CAF,1.06020832342296e+32,1625333052.55944,21.208978587148813,Central African Rep.
2015,CAF,-5.165539896212198e+31,1695825714.19282,21.25143560617765,Central African Rep.
2016,CAF,-5.647233922130956e+31,1776382808.69192,21.29784500372445,Central African Rep.
2017,CAF,3.663273147914078e+32,1856804600.57752,21.342122890612902,Central African Rep.
2018,CAF,4.688862580886548e+32,1927167163.54408,21.37931697069309,Central African Rep.
2019,CAF,6.860127422547498e+32,1986909345.61394,21.409846175727907,Central African Rep.
2020,CAF,3.0786278269834506e+32,2004791529.66202,21.418805917068237,Central African Rep.
2021,CAF,4.691795513203409e+32,2024497026.49048,21.42858712467299,Central African Rep.
2022,CAF,5.21066478688868e+32,2033686256.48235,21.433115873158066,Central African Rep.
2023,CAF,4.33238856485331e+32,2047921417.64834,21.44009117309862,Central African Rep.
2024,CAF,6.711463817968518e+32,2078640238.88184,21.454979785577347,Central African Rep.
2025,CAF,9.191120880918765e+32,,,Central African Rep.
2005,CIV,3.9268333484612526e+32,28732677632.1669,24.081300905461354,Côte d'Ivoire
2006,CIV,3.167745099030886e+32,29541668752.6369,24.109067603741718,Côte d'Ivoire
2007,CIV,2.820264679334695e+32,29867049486.2231,24.12002168579612,Côte d'Ivoire
2008,CIV,2.3796668891342024e+32,31295490700.8623,24.16673985704876,Côte d'Ivoire
2009,CIV,2.9420087464568776e+32,32423167866.6818,24.20213906182644,Côte d'Ivoire
2010,CIV,3.095219674100276e+32,34643522418.9356,24.26837660192981,Côte d'Ivoire
2011,CIV,3.185725373680345e+32,32783010325.3471,24.213176240253866,Côte d'Ivoire
2012,CIV,3.2804933960940155e+32,35281210700.9425,24.286616384416327,Côte d'Ivoire
2013,CIV,2.805169294553291e+32,39077544167.6054,24.38881382098994,Côte d'Ivoire
2014,CIV,3.4122593573768585e+32,42739891584.4862,24.478398550205423,Côte d'Ivoire
2015,CIV,4.0828202371684605e+32,45815005169.2651,24.54787749819268,Côte d'Ivoire
2016,CIV,3.557616684169944e+32,49101205368.91,24.61714942071053,Côte d'Ivoire
2017,CIV,4.41179231506981e+32,52739979047.0655,24.68863962058413,Côte d'Ivoire
2018,CIV,4.724824689750744e+32,55294253263.7438,24.73593482079341,Côte d'Ivoire
2019,CIV,4.161358664984963e+32,59010785540.9857,24.80098606992461,Côte d'Ivoire
2020,CIV,4.195019147829888e+32,59423700880.6615,24.807958988458733,Côte d'Ivoire
2021,CIV,4.713388234443823e+32,63620992438.4818,24.876209322618887,Côte d'Ivoire
2022,CIV,4.457012315043074e+32,67692661917.0177,24.93824361980847,Côte d'Ivoire
2023,CIV,4.080275936768978e+32,72160377909.6739,25.00215694979452,Côte d'Ivoire
2024,CIV,3.919263250374149e+32,76504096839.437,25.06061012980166,Côte d'Ivoire
2025,CIV,4.7983846868195816e+32,,,Côte d'Ivoire
2005,CMR,5.886111797882835e+32,21594980960.2444,23.795726761684428,Cameroon
2006,CMR,6.061139045253288e+32,22417659743.2882,23.83311486659483,Cameroon
2007,CMR,4.172878162127317e+32,23387803922.5771,23.875480523548323,Cameroon
2008,CMR,4.911964403874077e+32,24053813243.6522,23.903559375759308,Cameroon
2009,CMR,5.0325182841936186e+32,24674221649.2686,23.92902487766584,Cameroon
2010,CMR,5.576381000510924e+32,25389533434.6495,23.957602856544945,Cameroon
2011,CMR,6.046110547929931e+32,26247499413.6974,23.990836561015907,Cameroon
2012,CMR,7.218544129126717e+32,27461703151.6573,24.036058258365703,Cameroon
2013,CMR,6.61561133073025e+32,28833560540.7901,24.08480584221249,Cameroon
2014,CMR,5.481828335703245e+32,30482787768.4783,24.14042802580286,Cameroon
2015,CMR,6.05034133496203e+32,32210233020.4569,24.195550034676792,Cameroon
2016,CMR,5.34538888151651e+32,33671222913.4548,24.239909390025748,Cameroon
2017,CMR,6.129110690953781e+32,34863580363.1151,24.27470857868096,Cameroon
2018,CMR,7.316589174432937e+32,36242614248.5756,24.31350145262141,Cameroon
2019,CMR,6.819678951337071e+32,37502066832.7403,24.34766188394371,Cameroon
2020,CMR,5.988049100024691e+32,37599547048.5841,24.35025784068949,Cameroon
2021,CMR,5.8008964810465394e+32,38854942334.5769,24.38310112148805,Cameroon
2022,CMR,6.500447681751463e+32,40306867605.1364,24.41978770341869,Cameroon
2023,CMR,4.725470424968836e+32,41656165354.262,24.45271522231761,Cameroon
2024,CMR,5.434071308559391e+32,43124429828.9643,24.487355490853183,Cameroon
2025,CMR,5.029782390177086e+32,,,Cameroon
2005,COD,1.5987337199753174e+33,20671920925.7908,23.75204213935502,Dem. Rep. Congo
2006,COD,2.2309489964684136e+33,21728037858.2133,23.801869330691083,Dem. Rep. Congo
2007,COD,1.4702486287266636e+33,23581424221.9288,23.883725129804542,Dem. Rep. Congo
2008,COD,2.075603688105241e+33,25326856010.815,23.955131172088343,Dem. Rep. Congo
2009,COD,1.9293319328810783e+33,25470074710.6773,23.96077005921488,Dem. Rep. Congo
2010,COD,2.2674242460856157e+33,27467694662.4827,24.03627641152549,Dem. Rep. Congo
2011,COD,2.304030999763456e+33,29553403849.2894,24.109464763649974,Dem. Rep. Congo
2012,COD,3.430356091280366e+33,32115268325.5231,24.192597402767557,Dem. Rep. Congo
2013,COD,2.5369299983800523e+33,35206198726.088,24.2844880042196,Dem. Rep. Congo
2014,COD,1.750364236962981e+33,37777053057.3322,24.354967693259887,Dem. Rep. Congo
2015,COD,2.102707994841e+33,40179574490.3032,24.41662460619009,Dem. Rep. Congo
2016,COD,-3.1237569129204827e+30,40337814832.805,24.42055519925976,Dem. Rep. Congo
2017,COD,2.4284076734403944e+33,42048626459.9632,24.46209255838391,Dem. Rep. Congo
2018,COD,2.911294188019694e+33,44601688163.9569,24.521037546465887,Dem. Rep. Congo
2019,COD,2.5930790212395705e+33,44849398935.1374,24.52657602369224,Dem. Rep. Congo
2020,COD,2.955902916469029e+33,45197173728.8833,24.534300393707586,Dem. Rep. Congo
2021,COD,2.150840832248955e+33,48103175756.1974,24.596614035916005,Dem. Rep. Congo
2022,COD,2.705687469736556e+33,52582143957.1902,24.68564243056312,Dem. Rep. Congo
2023,COD,1.9209214010927695e+33,57069235865.1432,24.76753103197387,Dem. Rep. Congo
2024,COD,2.1312878034132636e+33,60565728422.4726,24.826995032462023,Dem. Rep. Congo
2025,COD,2.8479587371696176e+33,,,Dem. Rep. Congo
2005,COG,3.936758458502293e+32,7910417276.44806,22.79144637036215,Congo
2006,COG,4.06429947499714e+32,8542162055.68026,22.868279980817693,Congo
2007,COG,4.015829907168416e+32,7977183901.13328,22.79985129153135,Congo
2008,COG,3.922465561966314e+32,8480255108.6285,22.8610063698624,Congo
2009,COG,4.4541698898178254e+32,9467126891.81813,22.97109130759668,Congo
2010,COG,4.975014091555671e+32,10407332392.13,23.06577643237622,Congo
2011,COG,4.463937575556003e+32,10636909752.5259,23.087595841882298,Congo
2012,COG,5.797726450726942e+32,11694979455.2472,23.182425480268503,Congo
2013,COG,3.952584618025648e+32,11611660392.4682,23.1752756364245,Congo
2014,COG,4.7299808282694594e+32,12383378937.2556,23.239621002120803,Congo
2015,COG,5.086186908038947e+32,12434793867.3568,23.24376433725351,Congo
2016,COG,3.792109197861996e+32,11354801748.8219,23.15290655297872,Congo
2017,COG,5.035592605700509e+32,10719526284.7166,23.09533280175414,Congo
2018,COG,5.678495078039679e+32,10472514332.3273,23.072019979352422,Congo
2019,COG,5.2832863110722026e+32,10590275024.738,23.083201966452723,Congo
2020,COG,5.3985946855574975e+32,9926500702.40064,23.01847385636156,Congo
2021,COG,5.124157223406374e+32,10027261669.7995,23.02857338766704,Congo
2022,COG,5.32852290515327e+32,10175199489.7639,23.04321917395648,Congo
2023,COG,4.198559070297017e+32,10369226732.5707,23.062108288670863,Congo
2024,COG,3.352424461012347e+32,10636718505.674,23.087577862170555,Congo
2025,COG,4.086041279291756e+32,,,Congo
2005,COM,-7.6969301608293e+30,755434618.774047,20.44280379559345,Comoros
2006,COM,-1.9505661066308744e+31,742180920.320468,20.425103599335618,Comoros
2007,COM,-9.32243221055088e+27,748145084.624578,20.43310748053213,Comoros
2008,COM,-4.034368354769244e+29,777806128.357449,20.471987858746484,Comoros
2009,COM,4.269464395098523e+29,803011729.191202,20.503879878518184,Comoros
2010,COM,1.3437713823713985e+29,833348554.386726,20.54096254524972,Comoros
2011,COM,5.3163623804108496e+29,867878891.68189,20.581562737177897,Comoros
2012,COM,2.5910967181425332e+29,895376387.011074,20.612754731981678,Comoros
2013,COM,6.354709167593584e+29,935365362.167356,20.656447772601812,Comoros
2014,COM,4.262673729949357e+29,955070416.212074,20.67729562998025,Comoros
2015,COM,6.500071781148229e+29,966029600.862227,20.688705034421837,Comoros
2016,COM,7.647263491524907e+29,998105646.566284,20.721369686955995,Comoros
2017,COM,7.647305527508804e+29,1036190384.81036,20.758816733022197,Comoros
2018,COM,4.890006468402648e+29,1073934613.01512,20.79459494944333,Comoros
2019,COM,6.897339884894958e+29,1092843397.42943,20.81204875813489,Comoros
2020,COM,4.65036238778448e+29,1090706042.10569,20.81009106854228,Comoros
2021,COM,6.296077595134583e+29,1112522258.3942,20.82989557934987,Comoros
2022,COM,8.441199451583174e+29,1141481327.58447,20.855592666011876,Comoros
2023,COM,5.52377175544404e+29,1175671154.84031,20.88510501708119,Comoros
2024,COM,2.30281289322682e+29,1214916246.52607,20.91794097846259,Comoros
2025,COM,5.0071783363015256e+29,,,Comoros
2005,CPV,8.261708859366785e+29,1219660508.68448,20.92183838539676,Cabo Verde
2006,CPV,6.644162204948018e+29,1317035160.01005,20.998648956397552,Cabo Verde
2007,CPV,7.634551455091413e+29,1516838454.63714,21.13989404162068,Cabo Verde
2008,CPV,6.85133405656578e+29,1623608884.79583,21.20791721519529,Cabo Verde
2009,CPV,7.267978744518213e+29,1599196517.15668,21.192767163282085,Cabo Verde
2010,CPV,8.027350229129869e+29,1628564468.24228,21.210964769396096,Cabo Verde
2011,CPV,7.975812086291799e+29,1692481034.54407,21.24946135710096,Cabo Verde
2012,CPV,7.431008993773506e+29,1710821579.61286,21.260239547992946,Cabo Verde
2013,CPV,6.674855413230867e+29,1721636311.15762,21.26654101922745,Cabo Verde
2014,CPV,9.013869677808606e+28,1733630380.4449,21.273483532516547,Cabo Verde
2015,CPV,8.453895863027701e+29,1749857620.35329,21.282800261773826,Cabo Verde
2016,CPV,7.952182444972899e+29,1824764034.95256,21.324716519705024,Cabo Verde
2017,CPV,6.661022540848524e+29,1907814790.72833,21.36922433541204,Cabo Verde
2018,CPV,5.388028922894206e+28,1978536809.33193,21.40562342328281,Cabo Verde
2019,CPV,5.331405184825136e+29,2116002110.92756,21.472794348544785,Cabo Verde
2020,CPV,5.529252020295584e+29,1675762033.71886,21.23953384427091,Cabo Verde
2021,CPV,5.1130197337443416e+29,1793627260.88123,21.30750580914148,Cabo Verde
2022,CPV,5.397768527532691e+29,2077803747.08658,21.45457728199045,Cabo Verde
2023,CPV,6.690013939408978e+29,2177429478.93487,21.50141087991384,Cabo Verde
2024,CPV,7.867436447879948e+29,2335159974.83501,21.571346237427093,Cabo Verde
2025,CPV,8.719888441443783e+29,,,Cabo Verde
2005,ERI,2.644588466811905e+32,2155038051.30131,21.49107421756262,Eritrea
2006,ERI,2.6483095099299807e+32,2134151053.76576,21.48133477165348,Eritrea
2007,ERI,2.522263403089586e+32,2164601595.02151,21.49550216069168,Eritrea
2008,ERI,2.56686173285257e+32,1952837971.21425,21.39254952135124,Eritrea
2009,ERI,2.72744868319394e+32,2028539764.99879,21.43058204357308,Eritrea
2010,ERI,2.811911244064569e+32,2073049788.74561,21.452286687837447,Eritrea
2011,ERI,1.3847665701860126e+32,2252986366.41081,21.53552244707364,Eritrea
2012,ERI,2.625547920753301e+32,,,Eritrea
2013,ERI,2.7132217552643333e+32,,,Eritrea
2014,ERI,3.0317286620646788e+32,,,Eritrea
2015,ERI,2.770106339053413e+32,,,Eritrea
2016,ERI,3.0256620924079967e+32,,,Eritrea
2017,ERI,3.0732191825816743e+32,,,Eritrea
2018,ERI,2.674034703677725e+32,,,Eritrea
2019,ERI,3.0624193954933902e+32,,,Eritrea
2020,ERI,2.790473959599766e+32,,,Eritrea
2021,ERI,2.8333462231742024e+32,,,Eritrea
2022,ERI,2.5922296133311304e+32,,,Eritrea
2023,ERI,2.9377574398949908e+32,,,Eritrea
2024,ERI,2.644400812053812e+32,,,Eritrea
2025,ERI,2.766290286249217e+32,,,Eritrea
2005,ETH,1.5638167042520778e+33,22791876293.8269,23.84967000651352,Ethiopia
2006,ETH,1.6330490538050323e+33,25261313883.9249,23.95253996692321,Ethiopia
2007,ETH,1.487247503024944e+33,28155292189.364,24.061001173484563,Ethiopia
2008,ETH,1.424173675407463e+33,31192831993.2611,24.163454161560963,Ethiopia
2009,ETH,1.580494172165297e+33,33938597623.7578,24.247818776622392,Ethiopia
2010,ETH,1.7876551438527096e+33,38198074328.8086,24.36605094104769,Ethiopia
2011,ETH,1.6671332537953854e+33,42467968231.3241,24.47201594003596,Ethiopia
2012,ETH,1.6621425291154827e+33,46140518129.2398,24.554957319131347,Ethiopia
2013,ETH,1.8254020032879343e+33,51023232360.2629,24.65554690242124,Ethiopia
2014,ETH,1.77824660913882e+33,56256936828.9833,24.75319519183163,Ethiopia
2015,ETH,1.6798938129932722e+33,62103418181.8182,24.852066867556506,Ethiopia
2016,ETH,1.6825160050575178e+33,67961933367.1549,24.942213581949886,Ethiopia
2017,ETH,1.6470470782916878e+33,74461941569.3207,25.03355398038437,Ethiopia
2018,ETH,1.7358381695185291e+33,79537377550.6924,25.09949290598746,Ethiopia
2019,ETH,1.879580466863513e+33,86189951998.924,25.179819441683925,Ethiopia
2020,ETH,1.8710459878524377e+33,91412658764.8474,25.238649804337783,Ethiopia
2021,ETH,1.720636172975799e+33,96569731965.9612,25.293531195379927,Ethiopia
2022,ETH,1.7771407653956624e+33,101708941221.845,25.345381053755325,Ethiopia
2023,ETH,1.5524197384758907e+33,108415879003.469,25.409240400495893,Ethiopia
2024,ETH,1.6973019179721546e+33,116669335367.212,25.482609577076243,Ethiopia
2025,ETH,1.5817992320218762e+33,,,Ethiopia
2005,GAB,2.874029712953901e+32,10435048720.8443,23.06843604644832,Gabon
2006,GAB,2.717651766350113e+32,10142180902.0393,23.039968891079837,Gabon
2007,GAB,2.944093237005296e+32,10751534086.7123,23.098314287079265,Gabon
2008,GAB,3.356435810891262e+32,10395827037.7727,23.064670316204865,Gabon
2009,GAB,3.150721768507362e+32,10409376035.5652,23.06597277883021,Gabon
2010,GAB,3.869219600782719e+32,11147389066.6347,23.134471143004387,Gabon
2011,GAB,3.899381975508215e+32,11937934403.3789,23.202986931903013,Gabon
2012,GAB,4.182115581267119e+32,12564804521.2615,23.254165450420352,Gabon
2013,GAB,3.3562383803736335e+32,13273296028.5793,23.309020036406583,Gabon
2014,GAB,3.453190637028382e+32,13846034032.3711,23.351264677120003,Gabon
2015,GAB,3.564500176435746e+32,14383107762.6952,23.38932028290575,Gabon
2016,GAB,3.33298574632734e+32,14683922149.3088,23.41001900083096,Gabon
2017,GAB,3.5846080261280826e+32,14753324537.1727,23.41473428668589,Gabon
2018,GAB,3.973929138730799e+32,14876945089.6921,23.423078542161697,Gabon
2019,GAB,3.845555181083488e+32,15460241661.1259,23.46153751136294,Gabon
2020,GAB,3.538172949672709e+32,15176119359.5429,23.44298893456816,Gabon
2021,GAB,3.801091575651735e+32,15398898313.7955,23.4575618057418,Gabon
2022,GAB,3.804907944752888e+32,15866657481.0928,23.487485730592784,Gabon
2023,GAB,2.8757124060194363e+32,16253635205.6312,23.511582425665853,Gabon
2024,GAB,2.728160028695389e+32,16805289922.7656,23.544959550147563,Gabon
2025,GAB,3.031765763939732e+32,,,Gabon
2005,GHA,2.303571413747841e+32,25666707129.5251,23.968460546605748,Ghana
2006,GHA,2.267744908760685e+32,27309353954.6989,24.030495116154373,Ghana
2007,GHA,2.9143434264972087e+32,28496442169.6902,24.073045080277115,Ghana
2008,GHA,2.0559522081650773e+32,31103809332.791,24.16059613521565,Ghana
2009,GHA,1.6733457363352848e+32,32610629348.5193,24.2079041258107,Ghana
2010,GHA,1.9117556320912248e+32,35186775129.0417,24.28393614239376,Ghana
2011,GHA,9.798400603727982e+31,40129504915.3457,24.415377684128096,Ghana
2012,GHA,2.9668705171179847e+32,43858655296.9198,24.5042379204812,Ghana
2013,GHA,2.4300406129574897e+32,47065830437.531,24.574813106271627,Ghana
2014,GHA,2.2005701223127176e+32,48410143589.6826,24.60297520700976,Ghana
2015,GHA,2.1863415983670397e+32,49436806230.4839,24.62396104911127,Ghana
2016,GHA,3.121910526107714e+32,51104539956.3997,24.657139174757567,Ghana
2017,GHA,2.693875683383919e+32,55258774288.879,24.73529297539364,Ghana
2018,GHA,3.322155956843913e+32,58684861220.5087,24.7954476296752,Ghana
2019,GHA,2.6438765430082726e+32,62503939826.8611,24.858495428931786,Ghana
2020,GHA,2.5036530803798485e+32,62825173619.4157,24.86362168391249,Ghana
2021,GHA,3.646213386139454e+32,66014472471.1465,24.913139834800376,Ghana
2022,GHA,2.610135783335611e+32,68526224001.2217,24.95048234108769,Ghana
2023,GHA,3.2227351349330227e+32,70678009792.105,24.981400325995025,Ghana
2024,GHA,2.810804255636062e+32,74629231909.5195,25.03579811605657,Ghana
2025,GHA,4.4810668290999086e+32,,,Ghana
2005,GIN,-3.793618227614865e+32,6022369313.03617,22.518746592431416,Guinea
2006,GIN,-4.315739448270084e+32,6094011545.87354,22.530572412137857,Guinea
2007,GIN,-6.187779168409855e+32,6509469022.49636,22.5965237264758,Guinea
2008,GIN,-5.3008658472309566e+32,6778506429.10409,22.637022623938545,Guinea
2009,GIN,-6.982743618468302e+32,6702408065.67158,22.625732711556832,Guinea
2010,GIN,-3.429482638443738e+32,7025019105.91374,22.672743771865544,Guinea
2011,GIN,-4.59288916603495e+32,7419271030.30424,22.727346645405145,Guinea
2012,GIN,-6.74405908313512e+32,7858142150.2509,22.784816047795733,Guinea
2013,GIN,-4.675860838550308e+32,8168199850.29177,22.823514384979063,Guinea
2014,GIN,-4.952372135872408e+32,8470141696.43118,22.859813074683096,Guinea
2015,GIN,-4.8898470579823696e+32,8794201742.84609,22.89735844840688,Guinea
2016,GIN,-1.0120330409945604e+33,9745789528.35549,23.00010118543943,Guinea
2017,GIN,-2.98940446886814e+32,10749606370.4679,23.098134974149016,Guinea
2018,GIN,-1.6399034941137683e+32,11433119223.7578,23.15978017548981,Guinea
2019,GIN,-3.498388117037104e+32,12075307751.6835,23.21442852284213,Guinea
2020,GIN,-2.245754606076028e+32,12643401588.6985,23.26040130249065,Guinea
2021,GIN,-1.4781950915826576e+32,13349198344.073,23.31472217085654,Guinea
2022,GIN,-1.0415506142523571e+32,13879482945.938,23.353677539597637,Guinea
2023,GIN,-1.0344213077920389e+32,14648645956.2703,23.40761374194477,Guinea
2024,GIN,-1.4373974961578674e+32,15432355339.8107,23.45973213845184,Guinea
2025,GIN,9.10936123961656e+31,,,Guinea
2005,GMB,1.3213955941164204e+31,1098037738.85618,20.816790549986067,Gambia
2006,GMB,5.122905789333069e+30,1091937250.0561,20.81121924929945,Gambia
2007,GMB,1.23349101755455e+31,1125167625.04935,20.841197861547258,Gambia
2008,GMB,1.554634814440672e+31,1195557048.77095,20.901878063315035,Gambia
2009,GMB,1.2150623753574557e+31,1275249585.58493,20.966407749799547,Gambia
2010,GMB,1.477553652468004e+31,1350595613.51288,21.023811527293493,Gambia
2011,GMB,1.2862682655923687e+31,1240786190.47581,20.93901104023196,Gambia
2012,GMB,1.5216505024626462e+31,1305822857.84822,20.990099221425154,Gambia
2013,GMB,1.559602539158027e+31,1343336129.36544,21.018422005648205,Gambia
2014,GMB,1.6770087752142265e+31,1324430251.83027,21.00424820529001,Gambia
2015,GMB,1.9435252187098004e+31,1378176608.93204,21.04402716455647,Gambia
2016,GMB,1.5953280952899032e+31,1404959537.12175,21.06327434011581,Gambia
2017,GMB,1.5853443069724565e+31,1472715273.80675,21.11037365893802,Gambia
2018,GMB,1.0538876664089345e+31,1579264608.77791,21.180225138153304,Gambia
2019,GMB,1.7649343184125591e+31,1677527292.27233,21.240586696288688,Gambia
2020,GMB,1.1579293687417163e+31,1687449652.95674,21.246484144980982,Gambia
2021,GMB,1.7154293277202283e+31,1776141480.03218,21.297709140523807,Gambia
2022,GMB,1.378873889081367e+31,1873704900.09444,21.351183537762225,Gambia
2023,GMB,1.544019368598174e+31,1984568191.32879,21.408667191566696,Gambia
2024,GMB,6.432459277354165e+30,2094736745.30154,21.46269372385753,Gambia
2025,GMB,1.502283621852305e+31,,,Gambia
2005,GNB,3.74807245074929e+30,823345295.681209,20.5288862279801,Guinea-Bissau
2006,GNB,1.061020725386947e+31,845299838.603667,20.55520196096535,Guinea-Bissau
2007,GNB,-2.008292940986636e+31,866938047.629768,20.580478076170685,Guinea-Bissau
2008,GNB,-9.507836623576682e+30,906163311.064931,20.62473010280182,Guinea-Bissau
2009,GNB,-1.505878514663344e+31,928345745.452418,20.64891479189393,Guinea-Bissau
2010,GNB,-1.1118764066556624e+29,980382895.434522,20.703453762948826,Guinea-Bissau
2011,GNB,-2.4275530973645844e+31,1059647261.07297,20.78120191711664,Guinea-Bissau
2012,GNB,-2.51966236210724e+31,1041496885.43544,20.763924828200377,Guinea-Bissau
2013,GNB,5.890033884475978e+30,1075408772.95023,20.795966680155036,Guinea-Bissau
2014,GNB,-3.143948934800401e+30,1085781367.43837,20.80556571907322,Guinea-Bissau
2015,GNB,-2.4876762078264474e+31,1152384166.79638,20.865098821750497,Guinea-Bissau
2016,GNB,-2.987421727624917e+31,1214989490.95557,20.918001264282232,Guinea-Bissau
2017,GNB,2.3249858112024723e+31,1271652706.03289,20.96358323473655,Guinea-Bissau
2018,GNB,8.76730284635779e+30,1319485332.4773,21.000507597875654,Guinea-Bissau
2019,GNB,8.611238075150465e+30,1389780856.97486,21.052411914807244,Guinea-Bissau
2020,GNB,-1.190062872774199e+31,1429964954.95595,21.080915773894112,Guinea-Bissau
2021,GNB,2.6263799157146307e+31,1502186168.85351,21.13018732991345,Guinea-Bissau
2022,GNB,2.3003370895764005e+31,1585255149.16317,21.1840112087102,Guinea-Bissau
2023,GNB,1.596105356704509e+31,1677635814.13438,21.240651385759005,Guinea-Bissau
2024,GNB,2.0129466213054083e+30,1747195818.67949,21.28127795035694,Guinea-Bissau
2025,GNB,2.2245580607775776e+31,,,Guinea-Bissau
2005,GNQ,2.838801309128476e+31,9674942387.18021,22.99280512103111,Eq. Guinea
2006,GNQ,3.097257735177325e+31,10420388726.5973,23.067030178391267,Eq. Guinea
2007,GNQ,3.118635903294466e+31,12012844402.6491,23.20924228118764,Eq. Guinea
2008,GNQ,3.3972058868059617e+31,14151023687.8999,23.37305280385348,Eq. Guinea
2009,GNQ,3.069249409809829e+31,14341122354.4363,23.3863969364496,Eq. Guinea
2010,GNQ,3.65352458080958e+31,13061295371.1388,23.292919142027596,Eq. Guinea
2011,GNQ,3.353727318173652e+31,13913404306.2274,23.356118550984835,Eq. Guinea
2012,GNQ,4.0092872776044296e+31,15070007775.4052,23.43597236553725,Eq. Guinea
2013,GNQ,3.3349266224604344e+31,14447134439.884,23.393761923180545,Eq. Guinea
2014,GNQ,3.16101653552e+31,14507099626.4903,23.397903995956696,Eq. Guinea
2015,GNQ,3.0596586818994923e+31,13185496881.0174,23.30238334136714,Eq. Guinea
2016,GNQ,3.0741119127719363e+31,12023008461.8485,23.210088022744017,Eq. Guinea
2017,GNQ,3.046313290497936e+31,11341603434.7324,23.151743521611376,Eq. Guinea
2018,GNQ,3.4746123769057674e+31,10634279338.5817,23.08734852012268,Eq. Guinea
2019,GNQ,3.365403326849762e+31,10051326714.9325,23.030970474174826,Eq. Guinea
2020,GNQ,3.1285647697099707e+31,9569759527.14748,22.981873914315784,Eq. Guinea
2021,GNQ,3.539367746993855e+31,9652085293.25754,22.99043982151822,Eq. Guinea
2022,GNQ,3.159968614628273e+31,9963221065.40967,23.022166256401896,Eq. Guinea
2023,GNQ,2.3907828786438705e+31,9456161986.86363,22.969932428053912,Eq. Guinea
2024,GNQ,2.06997069685142e+31,9541952850.62711,22.978964002781744,Eq. Guinea
2025,GNQ,2.574035869882327e+31,,,Eq. Guinea
2005,KEN,9.530650096108034e+32,43795114731.9782,24.502788112308647,Kenya
2006,KEN,9.22611771559458e+32,46629751036.7518,24.56550460863061,Kenya
2007,KEN,9.125448894039862e+32,49824229272.6978,24.63176723423918,Kenya
2008,KEN,9.073977701601188e+32,49939962360.0343,24.634087368094,Kenya
2009,KEN,9.605670933605347e+32,51591446859.569,24.66662173715898,Kenya
2010,KEN,1.0201196262012504e+33,55748929986.1062,24.74412405402812,Kenya
2011,KEN,9.93605558342517e+32,58603891851.295,24.7940669451687,Kenya
2012,KEN,9.788073829376238e+32,61281315911.5794,24.83874083590112,Kenya
2013,KEN,9.303147379136084e+32,63608687382.8764,24.87601589203475,Kenya
2014,KEN,9.761707762374718e+32,66801914096.6185,24.924997571219485,Kenya
2015,KEN,9.474653413601184e+32,70120446896.8359,24.973480270293965,Kenya
2016,KEN,8.783306039587445e+32,73074983895.0953,25.01475192755499,Kenya
2017,KEN,9.668696811611616e+32,75879571212.3885,25.052413331132584,Kenya
2018,KEN,1.031951978507921e+33,80165208728.3956,25.107355451318565,Kenya
2019,KEN,9.600449362994045e+32,84264984851.3549,25.15723225210051,Kenya
2020,KEN,9.416677399485144e+32,84035138346.859,25.154500861974043,Kenya
2021,KEN,9.796552717850084e+32,90413816676.9795,25.22766293201292,Kenya
2022,KEN,9.810927217693247e+32,94807911027.625,25.27511869238415,Kenya
2023,KEN,8.899203602217539e+32,100230916344.516,25.330742524358996,Kenya
2024,KEN,8.951254204952583e+32,104966566488.391,25.376907722003036,Kenya
2025,KEN,8.395000080387099e+32,,,Kenya
2005,LBR,1.0967659754053753e+32,1781443510.53791,21.30068983357557,Liberia
2006,LBR,6.226919556902878e+31,1924741222.72585,21.378057365896865,Liberia
2007,LBR,5.899230171914718e+30,2108270598.33452,21.46913382671851,Liberia
2008,LBR,4.490163722752486e+31,2258921103.43636,21.53815314838473,Liberia
2009,LBR,-2.2555511355917982e+32,2378656131.45291,21.589801514504543,Liberia
2010,LBR,5.193415291442647e+31,2523749998.53307,21.64901172701007,Liberia
2011,LBR,4.711462419319352e+31,2730716886.49046,21.727830007455093,Liberia
2012,LBR,-3.7408791038021834e+31,2949005327.42991,21.804733773298743,Liberia
2013,LBR,4.321894443682933e+31,3205193907.94462,21.88803842718768,Liberia
2014,LBR,-3.7239273844111703e+31,3227674916.86578,21.89502787499214,Liberia
2015,LBR,-1.087824775739561e+32,3227075700.0,21.894842208061515,Liberia
2016,LBR,-5.9375890264382045e+31,3176896008.31,21.87917045902888,Liberia
2017,LBR,-1.7652713478379755e+31,3254893758.73415,21.90342547266848,Liberia
2018,LBR,4.126429517067304e+31,3292571599.13518,21.91493473747592,Liberia
2019,LBR,-9.96496182865464e+31,3211334057.92828,21.88995228212309,Liberia
2020,LBR,-9.820830944575065e+30,3115556299.79146,21.85967356065398,Liberia
2021,LBR,4.8094151751088695e+31,3270920145.66908,21.908337172385668,Liberia
2022,LBR,1.7808268670104775e+31,3428189426.39464,21.95529809473011,Liberia
2023,LBR,-8.110612053760504e+31,3588757484.77383,22.00107187501878,Liberia
2024,LBR,-7.542434005417402e+31,3733092094.5398,22.040502706957565,Liberia
2025,LBR,-3.771855803397019e+31,,,Liberia
2005,LSO,6.815077676439463e+31,1667849758.72804,21.234801064121164,Lesotho
2006,LSO,8.306501392757405e+31,1738401391.78308,21.276231787517705,Lesotho
2007,LSO,6.625767715496747e+31,1811204148.77671,21.3172577365937,Lesotho
2008,LSO,7.331387687048396e+31,1911244554.99023,21.371020466277518,Lesotho
2009,LSO,7.329059677682324e+31,1887282177.32009,21.35840362968372,Lesotho
2010,LSO,6.947804882402061e+31,1986735734.7651,21.409758794572603,Lesotho
2011,LSO,6.814656520366976e+31,2078451680.28081,21.45488906898757,Lesotho
2012,LSO,8.041236971745805e+31,2210102550.34645,21.51630475427119,Lesotho
2013,LSO,7.022328729890029e+31,2249719203.36981,21.53407124687245,Lesotho
2014,LSO,7.340313845261745e+31,2288201773.07605,21.55103209410891,Lesotho
2015,LSO,8.637513100196034e+31,2359686724.53829,21.581794703332974,Lesotho
2016,LSO,7.884067037370688e+31,2444845631.39553,21.61724782143651,Lesotho
2017,LSO,7.703109787421116e+31,2368122098.53455,21.58536311452005,Lesotho
2018,LSO,7.6189651696813e+31,2333058897.5103,21.570446075063657,Lesotho
2019,LSO,6.479916272377282e+31,2299976266.27346,21.556164640816736,Lesotho
2020,LSO,7.841608209252419e+31,2112391171.33041,21.4710863993386,Lesotho
2021,LSO,7.188624580452288e+31,2160272945.18777,21.493500414172143,Lesotho
2022,LSO,7.402626493731182e+31,2211855514.87917,21.517097599702417,Lesotho
2023,LSO,7.532249316186266e+31,2252257815.53386,21.535199023590305,Lesotho
2024,LSO,7.521944495483808e+31,2316549022.3524,21.563344424847177,Lesotho
2025,LSO,6.581321232487535e+31,,,Lesotho
2005,MDG,8.506587181542743e+32,8640170094.37648,22.87968810641772,Madagascar
2006,MDG,7.759307141813577e+32,9106610406.88934,22.932266405094605,Madagascar
2007,MDG,8.23987999680799e+32,9626649240.51396,22.98780105210537,Madagascar
2008,MDG,8.405522956243146e+32,10272850829.8606,23.052770410473595,Madagascar
2009,MDG,6.1815786020017255e+32,9864124029.23054,23.01217017665789,Madagascar
2010,MDG,7.504216805846863e+32,9925206605.67835,23.018343479996037,Madagascar
2011,MDG,7.222077118976099e+32,10081868751.8746,23.034004474457703,Madagascar
2012,MDG,8.804927946776017e+32,10385448752.8756,23.06367150498033,Madagascar
2013,MDG,7.25964822188502e+32,10624353147.1587,23.086414669636195,Madagascar
2014,MDG,8.648819719270102e+32,10979121878.0735,23.119261295155106,Madagascar
2015,MDG,9.700175609940284e+32,11323020701.3017,23.15010372052902,Madagascar
2016,MDG,7.620109442861794e+32,11775165456.5346,23.18925852826054,Madagascar
2017,MDG,1.0623873177088628e+33,12238318933.7165,23.22783776258169,Madagascar
2018,MDG,9.355363744837915e+32,12629254472.2012,23.25928174323729,Madagascar
2019,MDG,1.1408583450455748e+33,13186360203.1442,23.30244881435407,Madagascar
2020,MDG,1.1348448049040136e+33,12245161113.1284,23.22839668472649,Madagascar
2021,MDG,9.917178761928569e+32,12814644792.2069,23.27385447825164,Madagascar
2022,MDG,8.2175011093726e+32,13347233960.4257,23.31457500634943,Madagascar
2023,MDG,7.869931401380712e+32,13908224364.653,23.35574618301921,Madagascar
2024,MDG,7.763980668184388e+32,14492369787.9526,23.39688812634929,Madagascar
2025,MDG,9.083724456793832e+32,,,Madagascar
2005,MLI,1.9253347966622685e+33,10754740076.8688,23.098612431718905,Mali
2006,MLI,1.875059347568113e+33,11151547252.0345,23.1348440922239,Mali
2007,MLI,1.9338028240259936e+33,11347819622.1797,23.15229145864681,Mali
2008,MLI,1.8203138886682023e+33,11760733950.0728,23.1880321881899,Mali
2009,MLI,2.0692093649517328e+33,12402250894.7002,23.2411438168501,Mali
2010,MLI,1.9690801015130435e+33,13093898208.5384,23.29541217303395,Mali
2011,MLI,2.061224214954034e+33,13478253743.0182,23.324343389752503,Mali
2012,MLI,2.054814193075022e+33,13333713052.1336,23.31356148089674,Mali
2013,MLI,1.986172310964212e+33,13772483870.1848,23.345938516149435,Mali
2014,MLI,2.2278533583296857e+33,14668058747.8609,23.40893809231933,Mali
2015,MLI,2.1522679545009376e+33,15583181170.4105,23.46945803949969,Mali
2016,MLI,2.2654051949253988e+33,16518961030.4362,23.5277747114414,Mali
2017,MLI,2.4262160983561708e+33,17406945659.5769,23.580135139355168,Mali
2018,MLI,2.173398719150641e+33,18254289663.8519,23.627665939429047,Mali
2019,MLI,2.3258588282715423e+33,19167003985.6926,23.676456095180267,Mali
2020,MLI,2.128939376882776e+33,18942920941.9796,23.664696133615,Mali
2021,MLI,2.319256961746952e+33,19530329790.3727,23.695234468040237,Mali
2022,MLI,2.056686390856228e+33,20253575064.0318,23.731597161288423,Mali
2023,MLI,2.3181608367154056e+33,21210639746.3918,23.777768767557127,Mali
2024,MLI,2.1202941801625107e+33,22269531976.235,23.826485302109575,Mali
2025,MLI,2.298287451352632e+33,,,Mali
2005,MOZ,1.1550714887093538e+33,7953294766.92377,22.796852115848772,Mozambique
2006,MOZ,1.394791200777451e+33,8741520167.29262,22.89134994367392,Mozambique
2007,MOZ,1.09275231071788e+33,9410189984.44687,22.965058979972927,Mozambique
2008,MOZ,1.2202717543642178e+33,10057425620.5829,23.031577066342816,Mozambique
2009,MOZ,1.195899298125144e+33,10653727556.9369,23.08917567321045,Mozambique
2010,MOZ,1.2054790516924636e+33,11365367724.1329,23.153836649568472,Mozambique
2011,MOZ,1.232007384858436e+33,12176179697.5618,23.222747396297983,Mozambique
2012,MOZ,1.1558808603117372e+33,13149604768.3812,23.29965753948209,Mozambique
2013,MOZ,1.8897579020944935e+33,14013719723.4859,23.3633026669435,Mozambique
2014,MOZ,1.2271213674748188e+33,15093136077.3533,23.43750591300788,Mozambique
2015,MOZ,1.4881185718161918e+33,16208985769.615,23.508831602544976,Mozambique
2016,MOZ,1.5949050897897683e+33,16970320249.5828,23.554731787527903,Mozambique
2017,MOZ,1.6323565639138417e+33,17418032489.647,23.5807718565067,Mozambique
2018,MOZ,1.1856373611962728e+33,18025039081.8692,23.615027688318637,Mozambique
2019,MOZ,1.8499289395487715e+33,18442825951.8799,23.63794129451964,Mozambique
2020,MOZ,2.2220530485087745e+33,18217911539.7402,23.625671097605697,Mozambique
2021,MOZ,1.3966806048420758e+33,18651030677.5113,23.649167245718942,Mozambique
2022,MOZ,1.4257881830616986e+33,19465045724.7404,23.69188616708084,Mozambique
2023,MOZ,1.116198151976056e+33,20532020330.7663,23.745251471843,Mozambique
2024,MOZ,1.148415103657514e+33,20973160980.9212,23.76650940874173,Mozambique
2025,MOZ,1.2731371848969851e+33,,,Mozambique
2005,MRT,1.5131370502959695e+33,4169149304.40539,22.15097784820581,Mauritania
2006,MRT,1.491082313842592e+33,4933487730.19964,22.31931202522073,Mauritania
2007,MRT,1.5221716028461856e+33,4836326500.47834,22.299421281993634,Mauritania
2008,MRT,1.4884548216076454e+33,4820314428.25798,22.296104996959688,Mauritania
2009,MRT,1.5853920479316957e+33,4825032355.07832,22.29708327743059,Mauritania
2010,MRT,1.640021411095625e+33,4951459275.31606,22.32294817317527,Mauritania
2011,MRT,1.6157331130748106e+33,5158072939.98105,22.363828885441883,Mauritania
2012,MRT,1.6777616596033866e+33,5388639480.83596,22.40755877457586,Mauritania
2013,MRT,1.5991628834350903e+33,5612311839.16241,22.448228564136524,Mauritania
2014,MRT,1.7090733243155504e+33,5852228252.66622,22.49008832355865,Mauritania
2015,MRT,1.6456683279127364e+33,6166863896.68677,22.54245626309763,Mauritania
2016,MRT,1.7799852510493874e+33,6244622452.80308,22.55498652278018,Mauritania
2017,MRT,1.8286961306316764e+33,6636194355.58626,22.61580449690875,Mauritania
2018,MRT,1.702981217435509e+33,6952885074.44597,22.66242252901053,Mauritania
2019,MRT,1.7900178078337505e+33,7171275534.84383,22.693349374598277,Mauritania
2020,MRT,1.6841877355672197e+33,7145411800.0896,22.689736281389557,Mauritania
2021,MRT,1.7446296309820725e+33,7198481880.1079,22.697135990751423,Mauritania
2022,MRT,1.6330283396999818e+33,7687691068.95683,22.762886324268628,Mauritania
2023,MRT,1.7572577816679662e+33,8211183625.04944,22.828762918722173,Mauritania
2024,MRT,1.6030988131173418e+33,8729112418.52009,22.889929531356536,Mauritania
2025,MRT,1.7377302848482507e+33,,,Mauritania
2005,MUS,8.507790553712598e+29,8052910022.29355,22.80929935650648,Mauritius
2006,MUS,7.66399767974146e+29,8444727951.65064,22.85680817255474,Mauritius
2007,MUS,7.274107858540278e+29,8928358886.09423,22.91249843959267,Mauritius
2008,MUS,6.850053244855345e+29,9409326234.90993,22.964967187014228,Mauritius
2009,MUS,7.14020309095701e+29,9721252644.58154,22.99758032001469,Mauritius
2010,MUS,9.1749574803377e+29,10146771628.6992,23.040421425702437,Mauritius
2011,MUS,8.765473310984109e+29,10560510104.34,23.080387419393087,Mauritius
2012,MUS,8.60050689560913e+29,10929718037.5047,23.114751341684517,Mauritius
2013,MUS,8.260260303840138e+29,11297000949.1216,23.147803124706567,Mauritius
2014,MUS,1.002283957100046e+30,11729333766.0201,23.18535870055802,Mauritius
2015,MUS,1.0308251635818058e+30,12162211503.0793,23.221599563978177,Mauritius
2016,MUS,8.202225242924755e+29,12631973062.5133,23.25949698141753,Mauritius
2017,MUS,9.61623621887353e+29,13129418116.1342,23.29812120715297,Mauritius
2018,MUS,9.146032194466526e+29,13655479838.659,23.337406731398143,Mauritius
2019,MUS,8.321618073148544e+29,14050298678.0198,23.365909490722263,Mauritius
2020,MUS,8.575626803090192e+29,12006466620.7709,23.20871122665224,Mauritius
2021,MUS,8.756796257557321e+29,12415142570.9354,23.242182739605035,Mauritius
2022,MUS,9.07094817837225e+29,13494399202.0623,23.325540562385488,Mauritius
2023,MUS,7.583912380399045e+29,14170187784.8097,23.374406142841337,Mauritius
2024,MUS,9.307970360247556e+29,14868086969.4353,23.42248293880171,Mauritius
2025,MUS,1.002179353357815e+30,,,Mauritius
2005,MWI,8.581653375588258e+31,5267853576.27553,22.38488882550485,Malawi
2006,MWI,2.4864344101164665e+32,5515442681.93082,22.43081775513964,Malawi
2007,MWI,1.6281342884591685e+32,6044925172.60306,22.52248494254169,Malawi
2008,MWI,2.247256809449256e+32,6506741521.33369,22.596104633500406,Malawi
2009,MWI,1.860603618296551e+32,7048630103.04233,22.67609912326444,Malawi
2010,MWI,2.120989321793703e+32,7533157578.1417,22.74258012394921,Malawi
2011,MWI,1.7904612068737377e+32,7904743381.9111,22.790728844324576,Malawi
2012,MWI,1.335766741828912e+32,8054933506.22505,22.80955059857232,Malawi
2013,MWI,2.7526415986929067e+32,8490733601.03182,22.862241241196557,Malawi
2014,MWI,1.831460564713889e+32,8968360291.15986,22.916968697105503,Malawi
2015,MWI,2.3514453262589342e+32,9219474379.31534,22.944583864138806,Malawi
2016,MWI,2.531470536474284e+32,9449961238.71922,22.969276476720815,Malawi
2017,MWI,2.2299632980318796e+32,9827959688.35226,23.00849718988267,Malawi
2018,MWI,2.0702915953934867e+32,10255826273.6659,23.051111797986124,Malawi
2019,MWI,3.0409618919278583e+32,10842133933.7208,23.10670567093836,Malawi
2020,MWI,2.8360801775085723e+32,10928176721.5316,23.11461031108732,Malawi
2021,MWI,2.2233419008763148e+32,11426314939.9064,23.1591848603124,Malawi
2022,MWI,2.5256583694238783e+32,11531564448.65,23.168353847075032,Malawi
2023,MWI,1.7810262946551544e+32,11755940188.7261,23.187624497766944,Malawi
2024,MWI,2.1737027980131245e+32,11952668098.8907,23.20422036227617,Malawi
2025,MWI,1.9503661283933076e+32,,,Malawi
2005,NAM,1.5590759540715076e+33,7134269025.97086,22.688175633568903,Namibia
2006,NAM,1.4102212019688463e+33,7638888381.86825,22.75651792978326,Namibia
2007,NAM,1.4039426880956723e+33,8049405616.20712,22.808864089154824,Namibia
2008,NAM,1.4986820562295047e+33,8262699735.19694,22.83501721553212,Namibia
2009,NAM,1.2789430091614568e+33,8287154923.12437,22.837972553356128,Namibia
2010,NAM,1.5094321996977235e+33,8787636883.68937,22.89661167105312,Namibia
2011,NAM,1.0200851460621536e+33,9235045191.83414,22.9462713441248,Namibia
2012,NAM,1.0563360871023556e+33,9702493818.43111,22.995648784096197,Namibia
2013,NAM,1.3895182536012757e+33,10247261642.7308,23.05027635003134,Namibia
2014,NAM,1.6449871890705658e+33,10871578021.6669,23.109417699729534,Namibia
2015,NAM,1.520246262092883e+33,11335161083.5061,23.151175331965582,Namibia
2016,NAM,1.5898603924392743e+33,11338991738.8743,23.15151321937727,Namibia
2017,NAM,1.639057534606346e+33,11222512162.9739,23.141187612422303,Namibia
2018,NAM,1.4764385225398566e+33,11341464002.1253,23.151731227629757,Namibia
2019,NAM,1.5416231346314548e+33,11246291861.588,23.143304298959475,Namibia
2020,NAM,1.5229357189304526e+33,10335184546.1643,23.05881988634687,Namibia
2021,NAM,1.420853252299364e+33,10707646943.9364,23.09422399081856,Namibia
2022,NAM,1.407479325497862e+33,11285723332.8927,23.14680434200652,Namibia
2023,NAM,1.322682198284322e+33,11787126126.6129,23.190273766618272,Namibia
2024,NAM,1.4435709411416342e+33,12224610619.8575,23.22671702066369,Namibia
2025,NAM,1.4372032789821255e+33,,,Namibia
2005,NER,1.7812717069429675e+33,5601396628.31908,22.446281801507148,Niger
2006,NER,1.804118327409769e+33,5933618261.55882,22.503900026034376,Niger
2007,NER,1.7950704857530347e+33,6120095511.70958,22.53484353983736,Niger
2008,NER,1.7614268908941183e+33,6593265446.85522,22.60931457818961,Niger
2009,NER,1.899593023931449e+33,6722664934.31258,22.62875048047536,Niger
2010,NER,1.8022388995682423e+33,7299346341.92573,22.71105063888966,Niger
2011,NER,1.8209355300341697e+33,7471447186.58798,22.734354550471604,Niger
2012,NER,1.9460424846635343e+33,8259606009.352,22.834642724716016,Niger
2013,NER,1.90825253828413e+33,8698614858.59842,22.886429638276077,Niger
2014,NER,2.042438796752658e+33,9276388744.59484,22.95073816410697,Niger
2015,NER,1.9841435250257327e+33,9683867926.44282,22.99372723760237,Niger
2016,NER,2.11034673623513e+33,10239808436.9433,23.049548749053034,Niger
2017,NER,2.154825761624983e+33,10752347793.0235,23.09838996702544,Niger
2018,NER,1.915271481038364e+33,11527744540.163,23.16802253545388,Niger
2019,NER,2.1302659698622183e+33,12212475570.6373,23.22572385395608,Niger
2020,NER,1.8873025096954888e+33,12646096746.8881,23.260614446948008,Niger
2021,NER,2.0056808965425145e+33,12821067681.4111,23.274355567452503,Niger
2022,NER,1.9681839562322387e+33,14346774735.5026,23.386790996782544,Niger
2023,NER,2.0674356972819196e+33,14586026438.1981,23.40332981408038,Niger
2024,NER,1.904579745871943e+33,16088387161.4462,23.50136355435881,Niger
2025,NER,1.9342879774511115e+33,,,Niger
2005,NGA,2.6118618215905984e+33,273974099482.935,26.336299411431938,Nigeria
2006,NGA,2.4858764830065395e+33,290575362867.503,26.395128804266605,Nigeria
2007,NGA,2.4762367375842728e+33,309727563830.139,26.45895892167693,Nigeria
2008,NGA,2.495978842691967e+33,330679000570.779,26.524413954980787,Nigeria
2009,NGA,2.434080272377236e+33,357255424171.356,26.601716836765984,Nigeria
2010,NGA,2.3970666671295976e+33,385856064172.786,26.67873024612612,Nigeria
2011,NGA,2.577500126303404e+33,406337011591.35,26.73044873003529,Nigeria
2012,NGA,2.7355089600218424e+33,423525315758.055,26.77187912672076,Nigeria
2013,NGA,2.942476112802628e+33,451780110046.799,26.83646141621044,Nigeria
2014,NGA,2.7554396603623093e+33,480286163931.15,26.89764793806328,Nigeria
2015,NGA,2.8243587408337455e+33,493026682800.63,26.923829132852337,Nigeria
2016,NGA,2.8263445895097486e+33,485055087455.821,26.90752830381704,Nigeria
2017,NGA,2.7279887766736466e+33,488964081500.903,26.915554870760094,Nigeria
2018,NGA,2.7072454107697064e+33,498365674277.734,26.93459993021348,Nigeria
2019,NGA,2.6843726423313207e+33,509371727735.744,26.95644389684384,Nigeria
2020,NGA,2.54401237345784e+33,476930359891.946,26.89063632114264,Nigeria
2021,NGA,2.677395819145886e+33,482220722020.13,26.90166777568164,Nigeria
2022,NGA,2.7458748910980143e+33,503047012794.856,26.94394946747949,Nigeria
2023,NGA,2.48918006848722e+33,519782610025.928,26.97667650346898,Nigeria
2024,NGA,2.5053582616180595e+33,540898072115.881,27.016496691602025,Nigeria
2025,NGA,2.448450584405624e+33,,,Nigeria
2005,RWA,4.71209615622324e+31,4038589400.18749,22.11916130958006,Rwanda
2006,RWA,4.385281004624491e+31,4411233104.10076,22.2074201027624,Rwanda
2007,RWA,4.407752625675643e+31,4747955680.84802,22.280979979372265,Rwanda
2008,RWA,4.213771802714977e+31,5277886757.25615,22.38679161918088,Rwanda
2009,RWA,4.744627463618349e+31,5607662712.73541,22.44739984092123,Rwanda
2010,RWA,5.006796982870725e+31,6018965507.59309,22.518181238908,Rwanda
2011,RWA,4.807119384869637e+31,6497978178.31424,22.59475691597196,Rwanda
2012,RWA,5.1794780199617365e+31,7059501492.72193,22.677640275862508,Rwanda
2013,RWA,4.466568167919746e+31,7392699272.95995,22.72375876542634,Rwanda
2014,RWA,4.831216895059292e+31,7848619320.21664,22.78360347049659,Rwanda
2015,RWA,4.300995669174173e+31,8543760199.80208,22.86846705226781,Rwanda
2016,RWA,3.8191320937748014e+31,9053886356.47148,22.92645993413317,Rwanda
2017,RWA,4.097864027662599e+31,9408633100.29498,22.964893519662425,Rwanda
2018,RWA,4.349735308851204e+31,10209916254.6891,23.046625266806203,Rwanda
2019,RWA,4.14784217635916e+31,11174486370.4509,23.136899014013984,Rwanda
2020,RWA,4.161933620933973e+31,10797494124.6384,23.102579918658066,Rwanda
2021,RWA,3.788890747158573e+31,11969932683.8627,23.20566373276303,Rwanda
2022,RWA,4.0347258550153543e+31,12946823692.9381,23.28411632033061,Rwanda
2023,RWA,2.662495479401207e+31,14014924091.7947,23.363388605336915,Rwanda
2024,RWA,2.7687147897081707e+31,15260942682.7546,23.448562635649303,Rwanda
2025,RWA,2.5811074543921337e+31,,,Rwanda
2005,SDN,3.4555549725916417e+33,50129334265.0222,24.63787218796253,Sudan
2006,SDN,3.482589640691443e+33,53403487491.79,24.70114188961505,Sudan
2007,SDN,3.207821854635172e+33,56466323951.3765,24.75691026113976,Sudan
2008,SDN,3.457127877321278e+33,58638439292.8844,24.79465627911067,Sudan
2009,SDN,3.523511453562861e+33,57015500648.426,24.76658900901211,Sudan
2010,SDN,3.73279484074127e+33,59215296613.7581,24.80444573420566,Sudan
2011,SDN,3.5940547200991535e+33,57312394053.386,24.771782738383607,Sudan
2012,SDN,3.521674708489761e+33,47566600027.2224,24.585396671790715,Sudan
2013,SDN,3.6280461701791577e+33,48496595854.7667,24.604759443865007,Sudan
2014,SDN,4.007789742890176e+33,50757206252.6521,24.650319439914103,Sudan
2015,SDN,3.756673320811465e+33,51726758676.7677,24.669241060517518,Sudan
2016,SDN,4.097833649884673e+33,53520457581.1072,24.70332980245157,Sudan
2017,SDN,4.227164100914735e+33,53900054790.1369,24.710397331375447,Sudan
2018,SDN,3.70984360381693e+33,52455031754.9093,24.683222101503983,Sudan
2019,SDN,3.9976305207651607e+33,51312429477.3951,24.661198849783357,Sudan
2020,SDN,3.664373624944163e+33,49449890489.355,24.62422568043948,Sudan
2021,SDN,3.900428838226658e+33,48525909156.8784,24.605363701670967,Sudan
2022,SDN,3.685713272132395e+33,48061119947.9824,24.595739370103956,Sudan
2023,SDN,3.800054159385749e+33,33915159867.9417,24.247127945116087,Sudan
2024,SDN,3.563526876471224e+33,29179132473.6304,24.096719649428792,Sudan
2025,SDN,3.491534479156381e+33,,,Sudan
2008,SDS,,20185217785.8109,23.72821638068089,South Sudan
2009,SDS,,21202884179.2359,23.777403055561308,South Sudan
2010,SDS,,22367646895.0144,23.830881416706116,South Sudan
2011,SDS,,21329717232.6938,23.78336711255295,South Sudan
2012,SDS,,11500530835.4315,23.165659030853032,South Sudan
2013,SDS,,13010519613.8763,23.28902406824869,South Sudan
2014,SDS,,13449448810.7001,23.32220396153744,South Sudan
2015,SDS,,11997800760.2242,23.2079891999571,South Sudan
2005,SEN,2.557870330645281e+32,12573060904.8807,23.25482233864663,Senegal
2006,SEN,2.475089715907091e+32,12866110160.1646,23.27786257201302,Senegal
2007,SEN,2.9448661762234616e+32,13229850430.9674,23.3057415097159,Senegal
2008,SEN,2.547654898938809e+32,13719774159.3291,23.342103998418374,Senegal
2009,SEN,2.7706402070286207e+32,14097356679.2382,23.369253147198343,Senegal
2010,SEN,2.6716088059539496e+32,14575382431.8826,23.40259980773291,Senegal
2011,SEN,2.4908539704062066e+32,14769831308.7257,23.4158525122143,Senegal
2012,SEN,3.0062303446286085e+32,15361066998.8901,23.455102028326856,Senegal
2013,SEN,2.8945932026070197e+32,15731635117.4164,23.4789394975918,Senegal
2014,SEN,3.099554222976913e+32,16710783797.4248,23.53932008434384,Senegal
2015,SEN,3.609912818754022e+32,17774766696.1759,23.601045687158628,Senegal
2016,SEN,2.82305312977124e+32,18904543055.8656,23.66266810345319,Senegal
2017,SEN,3.251169075111933e+32,20304894471.3123,23.734127800893734,Senegal
2018,SEN,2.938392597002737e+32,21565674310.7132,23.7943687353129,Senegal
2019,SEN,3.084490392176588e+32,22560634320.127,23.839472380207894,Senegal
2020,SEN,3.143995572585059e+32,22863414676.2849,23.852803857573765,Senegal
2021,SEN,3.162882779387892e+32,24359596784.117,23.916191727274967,Senegal
2022,SEN,2.7045683037360683e+32,25297546478.5042,23.95397325084308,Senegal
2023,SEN,2.811307242094897e+32,26374572022.2227,23.995666201965403,Senegal
2024,SEN,2.8579878072177363e+32,27973016519.3217,24.05450618672982,Senegal
2025,SEN,3.2230807607449607e+32,,,Senegal
2005,SLE,-4.929596817644155e+30,4637426225.10187,22.2574253564196,Sierra Leone
2006,SLE,-1.9748571559534773e+32,4836052320.36646,22.29936458857477,Sierra Leone
2007,SLE,-5.2910902512511305e+32,5017392581.4315,22.33617622962264,Sierra Leone
2008,SLE,-1.5530474262736429e+32,5202336667.33238,22.37237372070461,Sierra Leone
2009,SLE,-7.189724161883334e+32,5281974205.57014,22.387565767350537,Sierra Leone
2010,SLE,-9.084939341676992e+31,5617678842.06416,22.449184398110518,Sierra Leone
2011,SLE,-1.991420959554089e+32,6072747634.58121,22.52707699768492,Sierra Leone
2012,SLE,-5.5960237947201855e+32,6715143020.4477,22.62763096534673,Sierra Leone
2013,SLE,-3.973614910508208e+32,7699806185.67422,22.7644609947976,Sierra Leone
2014,SLE,-6.332960917826061e+32,7098065167.70102,22.683088072264244,Sierra Leone
2015,SLE,-6.663140052773162e+32,6788352974.78329,22.638474182787203,Sierra Leone
2016,SLE,-6.735984069920228e+32,7225348888.80731,22.700861358887305,Sierra Leone
2017,SLE,-3.2794272098045135e+32,7457128029.04966,22.7324361943361,Sierra Leone
2018,SLE,-1.165500499199814e+32,7672926606.69678,22.76096394495828,Sierra Leone
2019,SLE,-2.5603272732500992e+32,8095145458.32686,22.814530392824626,Sierra Leone
2020,SLE,-2.488230185298518e+32,7993685031.06354,22.80191769579176,Sierra Leone
2021,SLE,-1.246430038660352e+32,8465060863.02376,22.85921304246712,Sierra Leone
2022,SLE,-9.43523376949712e+31,8914856495.10508,22.910984991116266,Sierra Leone
2023,SLE,-2.9906876414767194e+32,9423896753.16695,22.96651450806207,Sierra Leone
2024,SLE,-2.463391755300431e+32,9828485690.6466,23.008550709456973,Sierra Leone
2025,SLE,-1.0664080225744515e+32,,,Sierra Leone
2005,SOM,6.845418347293099e+32,2932027546.4602,21.79896001603589,Somalia
2006,SOM,6.913175307711891e+32,3122209723.10745,21.861806832666684,Somalia
2007,SOM,6.7991737578652e+32,3331221429.82663,21.926604869429383,Somalia
2008,SOM,6.717891351256696e+32,3554225115.76575,21.991402906193915,Somalia
2009,SOM,6.658338561432859e+32,3792157453.24222,22.05620094295664,Somalia
2010,SOM,6.816554398047282e+32,4046017818.73357,22.12099897971924,Somalia
2011,SOM,6.572599625061205e+32,4316872490.49444,22.18579701648276,Somalia
2012,SOM,6.991879818690457e+32,4605859127.18469,22.25059505324512,Somalia
2013,SOM,6.797611077245428e+32,5110628982.78701,22.35458832219527,Somalia
2014,SOM,6.744990461178575e+32,5569461554.68169,22.440564217394503,Somalia
2015,SOM,6.936538226858248e+32,6152149099.99942,22.54006730487678,Somalia
2016,SOM,6.635219383927557e+32,6584944951.37229,22.608051812406224,Somalia
2017,SOM,6.695480513250818e+32,7555288980.07721,22.745513682115263,Somalia
2018,SOM,7.205316162220021e+32,7710498420.37301,22.76584866839497,Somalia
2019,SOM,6.694218583348944e+32,7926418061.75135,22.79346707593952,Somalia
2020,SOM,6.624149192681664e+32,7707287719.38597,22.765432175261083,Somalia
2021,SOM,6.587170721418373e+32,7972973226.06341,22.799323312385557,Somalia
2022,SOM,6.71437200101206e+32,8189695542.68851,22.8261425598455,Somalia
2023,SOM,5.650138717666928e+32,8531635197.80811,22.86704687970378,Somalia
2024,SOM,6.405994115390268e+32,8882404280.64207,22.90733810962825,Somalia
2025,SOM,6.006695901876002e+32,,,Somalia
2005,STP,2.674549324602162e+30,176048759.302531,18.98627155612517,São Tomé and Principe
2006,STP,2.6894346964243306e+30,191657434.828232,19.07122014281992,São Tomé and Principe
2007,STP,2.773322534975929e+30,198636586.369116,19.10698751400401,São Tomé and Principe
2008,STP,3.043145745448757e+30,211009232.403659,19.16741244595068,São Tomé and Principe
2009,STP,2.9976237215737574e+30,217977600.590737,19.199902865890486,São Tomé and Principe
2010,STP,3.059415989031486e+30,221134908.544338,19.2142835191377,São Tomé and Principe
2011,STP,2.7004474008572974e+30,225556350.897449,19.234080578804,São Tomé and Principe
2012,STP,3.2219311327444736e+30,232194345.227845,19.263085273907603,São Tomé and Principe
2013,STP,2.9501093833160694e+30,244081946.538405,19.313014573342542,São Tomé and Principe
2014,STP,2.986408559930133e+30,256057120.595489,19.360911104880767,São Tomé and Principe
2015,STP,2.8447664892223144e+30,259999643.047388,19.3761908160842,São Tomé and Principe
2016,STP,2.813824065365481e+30,273459368.754364,19.42666360847702,São Tomé and Principe
2017,STP,2.795468303968685e+30,284706696.977306,19.46697007489857,São Tomé and Principe
2018,STP,3.1516143071728354e+30,297171520.830854,19.509820041286545,São Tomé and Principe
2019,STP,2.8361809795932754e+30,303157496.465873,19.529763018745864,São Tomé and Principe
2020,STP,2.4713651516326743e+30,311114954.79799,19.555673031422856,São Tomé and Principe
2021,STP,2.3977386595833105e+30,317023957.753826,19.574487905496287,São Tomé and Principe
2022,STP,2.266097636408822e+30,317558772.390522,19.576173469057707,São Tomé and Principe
2023,STP,1.6845346782590062e+30,318740893.733006,19.579889085348054,São Tomé and Principe
2024,STP,2.582839170399446e+30,322247041.654835,19.590829019461637,São Tomé and Principe
2025,STP,2.3690470757266267e+30,,,São Tomé and Principe
2005,SWZ,2.3148700689152163e+32,2868851690.22305,21.777177678717184,eSwatini
2006,SWZ,2.2928081897935195e+32,3061891254.30998,21.842298618956203,eSwatini
2007,SWZ,2.4401650160054022e+32,3194095189.73391,21.884569688967,eSwatini
2008,SWZ,2.1183110047535955e+32,3240107842.57048,21.8988724509407,eSwatini
2009,SWZ,2.4290916383454068e+32,3286542195.57087,21.91310184464554,eSwatini
2010,SWZ,2.4375761856530243e+32,3412233861.45679,21.950633005099476,eSwatini
2011,SWZ,2.4584095746348777e+32,3475009965.0534,21.96886318360032,eSwatini
2012,SWZ,2.272321150292015e+32,3617154618.7404,22.00895353678828,eSwatini
2013,SWZ,2.407689528847084e+32,3765262097.18702,22.049083309902016,eSwatini
2014,SWZ,2.712356072716945e+32,3842727914.01316,22.06944834560973,eSwatini
2015,SWZ,2.3662955377228928e+32,3908217914.21824,22.086347330631277,eSwatini
2016,SWZ,2.1948280415533253e+32,4023477834.54531,22.11541249853698,eSwatini
2017,SWZ,2.1431540237611444e+32,4165142616.56823,22.150016353652028,eSwatini
2018,SWZ,2.0024574827405044e+32,4167866438.89669,22.150670096473466,eSwatini
2019,SWZ,1.919415923123612e+32,4435938143.62829,22.21300496215974,eSwatini
2020,SWZ,1.539505311898065e+32,4304996589.59367,22.1830421826292,eSwatini
2021,SWZ,1.6131093246397507e+32,4487365678.93282,22.22453165804159,eSwatini
2022,SWZ,1.7491315259990856e+32,4504690089.10423,22.22838493298872,eSwatini
2023,SWZ,1.6912086258561064e+32,4663821718.37207,22.26310106021513,eSwatini
2024,SWZ,1.509478660559147e+32,4802519614.26982,22.29240653677768,eSwatini
2025,SWZ,1.6804152852098047e+32,,,eSwatini
2005,SYC,5.366770114901394e+29,936072662.702788,20.65720366252145,Seychelles
2006,SYC,3.947973095084385e+29,1024120860.74662,20.747100384671832,Seychelles
2007,SYC,4.95193813483619e+29,1115022508.93326,20.83214042903882,Seychelles
2008,SYC,3.854514496580703e+29,1084627594.53557,20.80450253417885,Seychelles
2009,SYC,4.2187702024514254e+29,1057735598.8393,20.779396232571557,Seychelles
2010,SYC,3.901484206910445e+29,1105387984.2341,20.82346222724293,Seychelles
2011,SYC,3.6074026806869e+29,1210507986.73155,20.91430593219881,Seychelles
2012,SYC,4.433818559869456e+29,1248162998.34204,20.94493870601108,Seychelles
2013,SYC,4.327794959735538e+29,1263811654.24036,20.957398113847088,Seychelles
2014,SYC,5.2344552786164186e+29,1315169064.95728,20.99723106081961,Seychelles
2015,SYC,5.2196214552877805e+29,1432403352.12944,21.082619536304637,Seychelles
2016,SYC,5.148341475335024e+29,1605975218.58763,21.19699702183364,Seychelles
2017,SYC,4.5913053387585146e+29,1717657339.98638,21.264227187755026,Seychelles
2018,SYC,3.810671435779853e+29,1802500555.76177,21.312440735451634,Seychelles
2019,SYC,4.216217477345552e+29,1901895701.03715,21.36611696309766,Seychelles
2020,SYC,4.496597415229374e+29,1678615792.63838,21.24123535778892,Seychelles
2021,SYC,4.7194344982900704e+29,1687886479.31967,21.246742979270813,Seychelles
2022,SYC,5.400764941921064e+29,1902424765.1769,21.36639510167608,Seychelles
2023,SYC,3.3947062476461224e+29,1945405357.99613,21.388736202583203,Seychelles
2024,SYC,4.977045107253562e+29,2012826895.3276,21.422805986527187,Seychelles
2025,SYC,5.501440042918378e+29,,,Seychelles
2005,TCD,1.543032428395378e+33,9841348751.69791,23.00985860687956,Chad
2006,TCD,1.5988508048901415e+33,9787927000.51755,23.004415524439928,Chad
2007,TCD,1.5461819545112448e+33,10199036983.3526,23.045559139382608,Chad
2008,TCD,1.677965132985033e+33,10513288725.5159,23.075905886828533,Chad
2009,TCD,1.698241262265457e+33,10365231906.8954,23.061722956621043,Chad
2010,TCD,1.8007781250074573e+33,11782555814.4129,23.189885953811235,Chad
2011,TCD,1.6417238988298005e+33,12312232324.3094,23.233859103050687,Chad
2012,TCD,1.802206355692132e+33,13427942676.0538,23.320603647068925,Chad
2013,TCD,1.8527567963426485e+33,13809056592.5367,23.348590488676923,Chad
2014,TCD,1.950827777614979e+33,14093914057.3116,23.369008914011705,Chad
2015,TCD,1.869193703792409e+33,14559599499.5011,23.401516372434237,Chad
2016,TCD,1.8037574202011805e+33,13959379525.7795,23.359417486715454,Chad
2017,TCD,1.960731414972097e+33,13733590857.5857,23.34311055622392,Chad
2018,TCD,1.8083977161711383e+33,14522052213.2592,23.39893417335725,Chad
2019,TCD,1.9760457074265992e+33,15303748438.8629,23.451363631342293,Chad
2020,TCD,1.820431155049008e+33,15243505756.0454,23.44741939723649,Chad
2021,TCD,1.8525627380668257e+33,15288236703.0071,23.450349526692776,Chad
2022,TCD,1.9942728392438208e+33,15919594857.6964,23.490816568401662,Chad
2023,TCD,2.037708454096616e+33,16553201687.3505,23.529845375488428,Chad
2024,TCD,1.982048848332869e+33,17248313422.9922,23.570980203063566,Chad
2025,TCD,1.9973604552958368e+33,,,Chad
2005,TGO,1.2007369227420602e+32,3683570962.95413,22.02714848899025,Togo
2006,TGO,1.112814826806594e+32,3781190459.44883,22.053304733357987,Togo
2007,TGO,1.161054110322945e+32,3736756295.1134,22.041483771278116,Togo
2008,TGO,9.835975327950929e+31,3887557323.6915,22.081046859987165,Togo
2009,TGO,8.505765342686214e+31,4099577351.44505,22.13414972032965,Togo
2010,TGO,9.484826947187857e+31,4339580301.80856,22.19104347573012,Togo
2011,TGO,7.919658269682072e+31,4592285181.71423,22.247643598067143,Togo
2012,TGO,1.239010568910164e+32,4881723795.11932,22.30876423114285,Togo
2013,TGO,1.18527476870498e+32,5166047627.07863,22.36537375091141,Togo
2014,TGO,1.0680384864490908e+32,5457063353.66745,22.42017663469782,Togo
2015,TGO,1.0484934095319175e+32,5755457836.01866,22.47341443043358,Togo
2016,TGO,1.332482360875049e+32,5998044851.32381,22.51469939495848,Togo
2017,TGO,1.139649622337804e+32,6238441246.41392,22.55399618786829,Togo
2018,TGO,1.3647400575019248e+32,6537585941.16754,22.600833812127533,Togo
2019,TGO,1.2125565094152052e+32,6859420393.24743,22.6488887843344,Togo
2020,TGO,1.128198115531906e+32,7007740719.48155,22.670281192105197,Togo
2021,TGO,1.257429224633115e+32,7367160812.92227,22.720298233229567,Togo
2022,TGO,1.1714008471235224e+32,7830882103.10093,22.7813409974494,Togo
2023,TGO,1.0968428412475455e+32,8315779388.69167,22.841420678053936,Togo
2024,TGO,1.1794275382971488e+32,8858969845.08846,22.904696324497444,Togo
2025,TGO,1.401585268236316e+32,,,Togo
2005,TZA,1.1338437090203953e+33,25882267435.0187,23.97682391615004,Tanzania
2006,TZA,1.2058336725541348e+33,27572954444.2321,24.04010121780156,Tanzania
2007,TZA,9.466937638792223e+32,29439239572.2798,24.105594300727564,Tanzania
2008,TZA,1.1881489817103305e+33,31113277454.4947,24.160900492821117,Tanzania
2009,TZA,1.135762737308844e+33,32752668789.9028,24.212250285475587,Tanzania
2010,TZA,1.2312396824501014e+33,34828049320.6343,24.273688914031972,Tanzania
2011,TZA,1.3075631917065347e+33,37500111399.4432,24.34760974057018,Tanzania
2012,TZA,1.5057673408776317e+33,39187673997.6272,24.39162809546053,Tanzania
2013,TZA,1.208828391847495e+33,41845219654.6812,24.45724340166305,Tanzania
2014,TZA,1.3579737232044984e+33,44662433111.6494,24.522398562654725,Tanzania
2015,TZA,1.557495790725144e+33,47413919817.124,24.58218168956365,Tanzania
2016,TZA,1.1135429757280872e+33,50669888784.2555,24.648597661528637,Tanzania
2017,TZA,1.560492760807234e+33,54078588995.4215,24.713704177279748,Tanzania
2018,TZA,1.6427403750138785e+33,57054358529.8857,24.76727030875672,Tanzania
2019,TZA,1.4921369586796683e+33,60363511324.6004,24.823650642192515,Tanzania
2020,TZA,1.660672351516305e+33,61565931105.4141,24.84337448801766,Tanzania
2021,TZA,1.3029386554686442e+33,64226431583.1539,24.885680669817003,Tanzania
2022,TZA,1.539613577477043e+33,67159014151.451,24.93032898994514,Tanzania
2023,TZA,1.2424903844159628e+33,70563656177.7408,24.979781063880477,Tanzania
2024,TZA,1.0980436379753748e+33,74463225268.4644,25.033571219903667,Tanzania
2025,TZA,1.0924601834122484e+33,,,Tanzania
2005,UGA,1.6460310957306907e+32,16901146460.5212,23.550647294475212,Uganda
2006,UGA,3.556907751373766e+32,18723891904.5488,23.65306618727148,Uganda
2007,UGA,2.067783105220165e+32,20299025448.8812,23.73383871439748,Uganda
2008,UGA,2.757953702607335e+32,22066817213.6558,23.8173408335691,Uganda
2009,UGA,3.3584070758881364e+32,23567695614.7273,23.88314278139011,Uganda
2010,UGA,3.5696210200829725e+32,24896350765.3932,23.93798707407005,Uganda
2011,UGA,3.740119063609542e+32,27234530259.5375,24.027751499957063,Uganda
2012,UGA,2.8256321647728307e+32,28279643267.7641,24.065408063601165,Uganda
2013,UGA,2.988666358933052e+32,29294007439.7726,24.100648807811652,Uganda
2014,UGA,3.2604470535589294e+32,30789849487.5724,24.15045091051661,Uganda
2015,UGA,3.1437703812559785e+32,32387183730.1002,24.201028617602866,Uganda
2016,UGA,2.214670405720456e+32,33935615078.9833,24.24773089214734,Uganda
2017,UGA,3.2144663174702453e+32,34998276801.8745,24.278564662991624,Uganda
2018,UGA,3.6837525460734985e+32,37204541496.6985,24.339696674018544,Uganda
2019,UGA,4.2128070227686585e+32,39600047064.28,24.40209614369806,Uganda
2020,UGA,3.687455876342628e+32,40768765796.4748,24.43118208097388,Uganda
2021,UGA,3.850107005800811e+32,42210585952.7826,24.46593687849196,Uganda
2022,UGA,3.8884133273220565e+32,44147216889.624,24.510795724401817,Uganda
2023,UGA,2.9727917894375696e+32,46503341915.459,24.562790016106916,Uganda
2024,UGA,3.755555633741209e+32,49319389340.67,24.62158313358987,Uganda
2025,UGA,3.3158728788735194e+32,,,Uganda
2005,ZAF,5.714268336264929e+33,267546870424.295,26.31256060447327,South Africa
2006,ZAF,6.079970288375184e+33,282539679229.874,26.367084835120565,South Africa
2007,ZAF,6.101612172381086e+33,297685145427.081,26.4193022059304,South Africa
2008,ZAF,5.821209178911223e+33,307184409060.741,26.45071408517661,South Africa
2009,ZAF,5.820496651065073e+33,302459639039.778,26.435213680853558,South Africa
2010,ZAF,5.991643453838417e+33,311653604140.269,26.46515816483926,South Africa
2011,ZAF,5.690818937049726e+33,321528523981.702,26.496352098249066,South Africa
2012,ZAF,5.651177892690887e+33,329233094599.263,26.52003183107092,South Africa
2013,ZAF,5.609594826660225e+33,337416077838.151,26.54458265808108,South Africa
2014,ZAF,5.898602603570476e+33,342186555600.731,26.558621909499248,South Africa
2015,ZAF,6.046573459385219e+33,346709790458.563,26.57175392823078,South Africa
2016,ZAF,5.850775042521873e+33,349013858372.625,26.578377467164547,South Africa
2017,ZAF,5.857103090057223e+33,353055253707.071,26.58989040771313,South Africa
2018,ZAF,5.444676347821895e+33,358551560868.533,26.605338310545488,South Africa
2019,ZAF,5.364419471268461e+33,359483563936.676,26.60793429383197,South Africa
2020,ZAF,5.496214615433867e+33,337307318679.639,26.544260276613304,South Africa
2021,ZAF,5.261842316926063e+33,353695896167.047,26.591703330509382,South Africa
2022,ZAF,5.006133063838153e+33,360975440918.611,26.61207576226873,South Africa
2023,ZAF,4.548043286271657e+33,363885280375.697,26.62010449110557,South Africa
2024,ZAF,4.43444564044076e+33,365831497261.341,26.625438674339428,South Africa
2025,ZAF,4.566297709299967e+33,,,South Africa
2005,ZMB,9.752239464216966e+31,10887711636.03,23.11090061737744,Zambia
2006,ZMB,9.52508239762402e+32,11748243095.7729,23.186969542592777,Zambia
2007,ZMB,1.7454941188261022e+32,12729507610.1931,23.26718856928557,Zambia
2008,ZMB,8.093015636983546e+32,13719086269.626,23.34205385860261,Zambia
2009,ZMB,4.057225999758018e+32,14984033821.7868,23.43025105927911,Zambia
2010,ZMB,5.260262906859765e+32,16527123087.7163,23.528268691751855,Zambia
2011,ZMB,4.345920848249139e+32,17447560252.6576,23.58246566221873,Zambia
2012,ZMB,2.3995235533390464e+32,18773117888.8094,23.655691783968987,Zambia
2013,ZMB,9.787575363566405e+32,19722575262.7917,23.70502976901404,Zambia
2014,ZMB,2.4872397403875143e+32,20648211567.0616,23.7508945456809,Zambia
2015,ZMB,5.92060802395646e+32,21251216798.7762,23.77967999179636,Zambia
2016,ZMB,9.57063234065765e+32,22049221308.1088,23.816543123390684,Zambia
2017,ZMB,9.200764492317271e+32,22826646593.6169,23.851194400742983,Zambia
2018,ZMB,7.79736119862584e+32,23747586257.2512,23.89074673098862,Zambia
2019,ZMB,1.2110747015259564e+33,24089861649.0155,23.905056910468925,Zambia
2020,ZMB,1.5533868643854777e+33,23418945736.8993,23.87681117859888,Zambia
2021,ZMB,7.420253523578909e+32,24879098747.8861,23.937293880201725,Zambia
2022,ZMB,1.0904597198950592e+33,26175604214.1895,23.988093677073245,Zambia
2023,ZMB,5.096615856350344e+32,27580695690.34,24.04038193344376,Zambia
2024,ZMB,9.026610596820578e+32,28634291574.827,24.07787084265128,Zambia
2025,ZMB,6.760208327383553e+32,,,Zambia
2005,ZWE,7.903813678076532e+32,13589857106.157,23.332589550422615,Zimbabwe
2006,ZWE,7.420879254123455e+32,13119457397.7207,23.29736226272609,Zimbabwe
2007,ZWE,6.68092847964023e+32,12640170700.3122,23.260145730345467,Zimbabwe
2008,ZWE,7.376087436191583e+32,10406779091.4808,23.065723266460417,Zimbabwe
2009,ZWE,6.559968463340211e+32,11787972496.3516,23.19034556862874,Zimbabwe
2010,ZWE,7.30520278860802e+32,14107304144.8004,23.369958524656116,Zimbabwe
2011,ZWE,6.8801713037232e+32,16109682999.8506,23.5026863567133,Zimbabwe
2012,ZWE,7.497842113994526e+32,18794430788.9262,23.656826428264583,Zimbabwe
2013,ZWE,9.674997556639604e+32,19168343271.8446,23.67652596730865,Zimbabwe
2014,ZWE,8.761882724245775e+32,19623972034.3634,23.700017718828377,Zimbabwe
2015,ZWE,7.26946612517384e+32,19973250000.0,23.71765971524892,Zimbabwe
2016,ZWE,9.770071988191533e+32,20124206636.7998,23.725189237700057,Zimbabwe
2017,ZWE,9.392829256490589e+32,21076969325.2127,23.77144678013245,Zimbabwe
2018,ZWE,8.064468045784895e+32,22132908952.043,23.82033143072339,Zimbabwe
2019,ZWE,8.773672157097671e+32,20731353612.1651,23.754913058520653,Zimbabwe
2020,ZWE,1.1126615903637124e+33,19110793941.1996,23.673519140185903,Zimbabwe
2021,ZWE,8.87673772216062e+32,20729099176.6536,23.754804307392188,Zimbabwe
2022,ZWE,7.528801224789725e+32,22001713149.7897,23.81438615771797,Zimbabwe
2023,ZWE,6.9759518329545e+32,23178995952.2035,23.86651235865688,Zimbabwe
2024,ZWE,8.467997954005019e+32,23582865676.3961,23.88378625462889,Zimbabwe
2025,ZWE,8.711717750947183e+32,,,Zimbabwe
