ISO,Country_x,Year,Total_NO2_molecules,Country_y,GDP,log_GDP
AGO,Angola,2018,3.7085617585714086e+19,Angola,100050434318.105,25.328940238977275
AGO,Angola,2019,3.7085617585714086e+19,Angola,99845650843.2744,25.326891338957
AGO,Angola,2020,3.103829351572374e+19,Angola,95809443080.1137,25.285627087839075
AGO,Angola,2021,3.057835745176567e+19,Angola,97824078558.145,25.30643658571046
AGO,Angola,2022,3.143433019385759e+19,Angola,101948344238.666,25.347732092919504
AGO,Angola,2023,3.159771526493291e+19,Angola,103236265970.233,25.360286042702523
AGO,Angola,2024,3.612767125272671e+19,Angola,107803341999.578,25.40357449679213
AGO,Angola,2025,3.1472664191794323e+19,,,
BDI,Burundi,2018,2.849424351373365e+19,Burundi,3172504889.35261,21.87778729871873
BDI,Burundi,2019,2.849424351373365e+19,Burundi,3313977733.08389,21.921415036882912
BDI,Burundi,2020,2.230913160276464e+19,Burundi,3324133212.69452,21.92447478915781
BDI,Burundi,2021,2.474439102413603e+19,Burundi,3431737891.18244,21.956332643622545
BDI,Burundi,2022,2.545038706266954e+19,Burundi,3511275322.23022,21.979245148099043
BDI,Burundi,2023,2.685415339536441e+19,Burundi,3625559222.01905,22.01127438149813
BDI,Burundi,2024,2.3571619245646737e+19,Burundi,3774652142.65546,22.05157406776061
BDI,Burundi,2025,2.723068503812365e+19,,,
BEN,Benin,2018,4.279306646193861e+19,Benin,13268812302.6618,23.30868217884801
BEN,Benin,2019,4.279306646193861e+19,Benin,14179807374.6843,23.37508477366224
BEN,Benin,2020,4.536328564040482e+19,Benin,14725558723.2985,23.412850509621496
BEN,Benin,2021,4.7681142234802405e+19,Benin,15779238957.3117,23.481960922893872
BEN,Benin,2022,4.810124275643954e+19,Benin,16765906414.7949,23.542613281301985
BEN,Benin,2023,5.131863062330481e+19,Benin,17831007125.9788,23.604204752138127
BEN,Benin,2024,4.849648307488892e+19,Benin,19159972710.8241,23.67608918520962
BEN,Benin,2025,5.021986694485457e+19,,,
BFA,Burkina Faso,2018,4.009383719254164e+19,Burkina Faso,14194244128.6065,23.37610237632404
BFA,Burkina Faso,2019,4.009383719254164e+19,Burkina Faso,15030172259.3791,23.433325501682152
BFA,Burkina Faso,2020,3.72862412314916e+19,Burkina Faso,15332394848.5201,23.453233737362964
BFA,Burkina Faso,2021,4.070243032921296e+19,Burkina Faso,16396850182.5889,23.520355091293027
BFA,Burkina Faso,2022,3.8591131730187e+19,Burkina Faso,16663583086.9504,23.536491521806123
BFA,Burkina Faso,2023,4.309117157395453e+19,Burkina Faso,17163536264.1285,23.56605298577365
BFA,Burkina Faso,2024,4.092830449897972e+19,Burkina Faso,17987353311.1315,23.612934754081834
BFA,Burkina Faso,2025,4.542013228142516e+19,,,
BWA,Botswana,2018,4.0562162451721945e+19,Botswana,15734967212.8207,23.47915128375045
BWA,Botswana,2019,4.0562162451721945e+19,Botswana,16212015762.4196,23.509018517980667
BWA,Botswana,2020,3.826837338825984e+19,Botswana,14796887965.3696,23.41768272299593
BWA,Botswana,2021,3.5799646615437378e+19,Botswana,16560125447.6096,23.530263561213577
BWA,Botswana,2022,3.707512564964785e+19,Botswana,17468616755.5627,23.583671779684156
BWA,Botswana,2023,3.7214611275248976e+19,Botswana,18029021881.095,23.615248623166785
BWA,Botswana,2024,3.747494921686408e+19,Botswana,17489977781.8862,23.584893855643703
BWA,Botswana,2025,3.614331057226635e+19,,,
CAF,Central African Republic,2018,5.293881319561307e+19,Central African Republic,1927167163.54408,21.37931697069309
CAF,Central African Republic,2019,5.293881319561307e+19,Central African Republic,1986909345.61394,21.409846175727907
CAF,Central African Republic,2020,4.8209686221930684e+19,Central African Republic,2004791529.66202,21.418805917068237
CAF,Central African Republic,2021,4.843005031213253e+19,Central African Republic,2024497026.49048,21.42858712467299
CAF,Central African Republic,2022,5.264195992038297e+19,Central African Republic,2033686256.48235,21.433115873158066
CAF,Central African Republic,2023,4.75277065949005e+19,Central African Republic,2047921417.64834,21.44009117309862
CAF,Central African Republic,2024,5.338194609758704e+19,Central African Republic,2078640238.88184,21.454979785577347
CAF,Central African Republic,2025,5.44424457706595e+19,,,
CIV,Cote d'Ivoire,2018,3.901316398351625e+19,Cote d'Ivoire,55294253263.7438,24.73593482079341
CIV,Cote d'Ivoire,2019,3.901316398351625e+19,Cote d'Ivoire,59010785540.9857,24.80098606992461
CIV,Cote d'Ivoire,2020,3.514758344298838e+19,Cote d'Ivoire,59423700880.6615,24.807958988458733
CIV,Cote d'Ivoire,2021,3.765294150883121e+19,Cote d'Ivoire,63620992438.4818,24.876209322618887
CIV,Cote d'Ivoire,2022,3.850620121506487e+19,Cote d'Ivoire,67692661917.0177,24.93824361980847
CIV,Cote d'Ivoire,2023,4.12313596782341e+19,Cote d'Ivoire,72160377909.6739,25.00215694979452
CIV,Cote d'Ivoire,2024,4.031469729074364e+19,Cote d'Ivoire,76504096839.437,25.06061012980166
CIV,Cote d'Ivoire,2025,4.081881131190162e+19,,,
CMR,Cameroon,2018,4.750957413040188e+19,Cameroon,36242614248.5756,24.31350145262141
CMR,Cameroon,2019,4.750957413040188e+19,Cameroon,37502066832.7403,24.34766188394371
CMR,Cameroon,2020,4.414306057785491e+19,Cameroon,37599547048.5841,24.35025784068949
CMR,Cameroon,2021,4.697680846278801e+19,Cameroon,38854942334.5769,24.38310112148805
CMR,Cameroon,2022,4.798964668791248e+19,Cameroon,40306867605.1364,24.41978770341869
CMR,Cameroon,2023,4.873526623406391e+19,Cameroon,41656165354.262,24.45271522231761
CMR,Cameroon,2024,4.716274499088972e+19,Cameroon,43124429828.9643,24.487355490853183
CMR,Cameroon,2025,5.249187347782013e+19,,,
COD,DR Congo,2018,6.479739846062477e+19,"Congo, Dem. Rep.",44601688163.9569,24.521037546465887
COD,DR Congo,2019,6.479739846062477e+19,"Congo, Dem. Rep.",44849398935.1374,24.52657602369224
COD,DR Congo,2020,5.3292663849584026e+19,"Congo, Dem. Rep.",45197173728.8833,24.534300393707586
COD,DR Congo,2021,5.8936875007358345e+19,"Congo, Dem. Rep.",48103175756.1974,24.596614035916005
COD,DR Congo,2022,6.02367058301506e+19,"Congo, Dem. Rep.",52582143957.1902,24.68564243056312
COD,DR Congo,2023,6.014663046439317e+19,"Congo, Dem. Rep.",57069235865.1432,24.76753103197387
COD,DR Congo,2024,6.328452723065928e+19,"Congo, Dem. Rep.",60565728422.4726,24.826995032462023
COD,DR Congo,2025,6.244020283882306e+19,,,
COG,Congo Republic,2018,4.660123958962967e+19,"Congo, Rep.",10472514332.3273,23.072019979352422
COG,Congo Republic,2019,4.660123958962967e+19,"Congo, Rep.",10590275024.738,23.083201966452723
COG,Congo Republic,2020,3.605757116044245e+19,"Congo, Rep.",9926500702.40064,23.01847385636156
COG,Congo Republic,2021,4.110870170521261e+19,"Congo, Rep.",10027261669.7995,23.02857338766704
COG,Congo Republic,2022,4.333635185139048e+19,"Congo, Rep.",10175199489.7639,23.04321917395648
COG,Congo Republic,2023,4.033713305255117e+19,"Congo, Rep.",10369226732.5707,23.062108288670863
COG,Congo Republic,2024,4.506291593557623e+19,"Congo, Rep.",10636718505.674,23.087577862170555
COG,Congo Republic,2025,4.119434127109949e+19,,,
COM,Comoros,2018,3.469402052538431e+18,Comoros,1073934613.01512,20.79459494944333
COM,Comoros,2019,3.469402052538431e+18,Comoros,1092843397.42943,20.81204875813489
COM,Comoros,2020,3.184001784134465e+18,Comoros,1090706042.10569,20.81009106854228
COM,Comoros,2021,3.141301330705967e+18,Comoros,1112522258.3942,20.82989557934987
COM,Comoros,2022,3.126711108929632e+18,Comoros,1141481327.58447,20.855592666011876
COM,Comoros,2023,3.131213059287247e+18,Comoros,1175671154.84031,20.88510501708119
COM,Comoros,2024,3.204558913066988e+18,Comoros,1214916246.52607,20.91794097846259
COM,Comoros,2025,3.046064187528218e+18,,,
ERI,Eritrea,2018,4.916290597455908e+18,,,
ERI,Eritrea,2019,4.916290597455908e+18,,,
ERI,Eritrea,2020,4.569610062817914e+18,,,
ERI,Eritrea,2021,5.062506320082219e+18,,,
ERI,Eritrea,2022,4.714201224613182e+18,,,
ERI,Eritrea,2023,5.068107723781831e+18,,,
ERI,Eritrea,2024,4.891933157768382e+18,,,
ERI,Eritrea,2025,5.096143900152013e+18,,,
ETH,Ethiopia,2018,2.489146349730277e+19,Ethiopia,79537377550.6924,25.09949290598746
ETH,Ethiopia,2019,2.489146349730277e+19,Ethiopia,86189951998.924,25.179819441683925
ETH,Ethiopia,2020,2.6419903731265384e+19,Ethiopia,91412658764.8474,25.238649804337783
ETH,Ethiopia,2021,2.8685974143128416e+19,Ethiopia,96569731965.9612,25.293531195379927
ETH,Ethiopia,2022,2.6922686717973557e+19,Ethiopia,101708941221.845,25.345381053755325
ETH,Ethiopia,2023,2.6718406802894017e+19,Ethiopia,108415879003.469,25.409240400495893
ETH,Ethiopia,2024,2.893901583282269e+19,Ethiopia,116669335367.212,25.482609577076243
ETH,Ethiopia,2025,3.112971741881536e+19,,,
GAB,Gabon,2018,2.8819166714340635e+19,Gabon,14876945089.6921,23.423078542161697
GAB,Gabon,2019,2.8819166714340635e+19,Gabon,15460241661.1259,23.46153751136294
GAB,Gabon,2020,2.402298415249956e+19,Gabon,15176119359.5429,23.44298893456816
GAB,Gabon,2021,2.759661583136011e+19,Gabon,15398898313.7955,23.4575618057418
GAB,Gabon,2022,2.9487179586285724e+19,Gabon,15866657481.0928,23.487485730592784
GAB,Gabon,2023,2.7474588422708564e+19,Gabon,16253635205.6312,23.511582425665853
GAB,Gabon,2024,2.9566882836112278e+19,Gabon,16805289922.7656,23.544959550147563
GAB,Gabon,2025,2.981287299976119e+19,,,
GHA,Ghana,2018,4.687691808695106e+19,Ghana,58684861220.5087,24.7954476296752
GHA,Ghana,2019,4.687691808695106e+19,Ghana,62503939826.8611,24.858495428931786
GHA,Ghana,2020,4.584632360834146e+19,Ghana,62825173619.4157,24.86362168391249
GHA,Ghana,2021,4.694579230959313e+19,Ghana,66014472471.1465,24.913139834800376
GHA,Ghana,2022,4.933417913454687e+19,Ghana,68526224001.2217,24.95048234108769
GHA,Ghana,2023,5.1637543658232185e+19,Ghana,70678009792.105,24.981400325995025
GHA,Ghana,2024,4.976278530858371e+19,Ghana,74629231909.5195,25.03579811605657
GHA,Ghana,2025,5.296061769716304e+19,,,
GIN,Guinea,2018,1.4020716414527148e+19,Guinea,11433119223.7578,23.15978017548981
GIN,Guinea,2019,1.4020716414527148e+19,Guinea,12075307751.6835,23.21442852284213
GIN,Guinea,2020,1.4751787519565412e+19,Guinea,12643401588.6985,23.26040130249065
GIN,Guinea,2021,1.4815147202092874e+19,Guinea,13349198344.073,23.31472217085654
GIN,Guinea,2022,1.5284858737616683e+19,Guinea,13879482945.938,23.353677539597637
GIN,Guinea,2023,1.728359249054898e+19,Guinea,14648645956.2703,23.40761374194477
GIN,Guinea,2024,1.6540217173737802e+19,Guinea,15432355339.8107,23.45973213845184
GIN,Guinea,2025,1.7058619091195816e+19,,,
GMB,Gambia,2018,6.925700832455245e+18,"Gambia, The",1579264608.77791,21.180225138153304
GMB,Gambia,2019,6.925700832455245e+18,"Gambia, The",1677527292.27233,21.240586696288688
GMB,Gambia,2020,7.371220740034612e+18,"Gambia, The",1687449652.95674,21.246484144980982
GMB,Gambia,2021,7.640240683946955e+18,"Gambia, The",1776141480.03218,21.297709140523807
GMB,Gambia,2022,7.598739360756111e+18,"Gambia, The",1873704900.09444,21.351183537762225
GMB,Gambia,2023,8.493652137595861e+18,"Gambia, The",1984568191.32879,21.408667191566696
GMB,Gambia,2024,7.974278752817869e+18,"Gambia, The",2094736745.30154,21.46269372385753
GMB,Gambia,2025,7.306126815811714e+18,,,
GNB,Guinea-Bissau,2018,6.157145950651542e+18,Guinea-Bissau,1319485332.4773,21.000507597875654
GNB,Guinea-Bissau,2019,6.157145950651542e+18,Guinea-Bissau,1389780856.97486,21.052411914807244
GNB,Guinea-Bissau,2020,6.555134998956906e+18,Guinea-Bissau,1429964954.95595,21.080915773894112
GNB,Guinea-Bissau,2021,6.677527666423593e+18,Guinea-Bissau,1502186168.85351,21.13018732991345
GNB,Guinea-Bissau,2022,6.685910016785474e+18,Guinea-Bissau,1585255149.16317,21.1840112087102
GNB,Guinea-Bissau,2023,7.513795816007178e+18,Guinea-Bissau,1677635814.13438,21.240651385759005
GNB,Guinea-Bissau,2024,6.974464945618274e+18,Guinea-Bissau,1747195818.67949,21.28127795035694
GNB,Guinea-Bissau,2025,6.502812087782729e+18,,,
GNQ,Equatorial Guinea,2018,7.792809522960133e+18,Equatorial Guinea,10634279338.5817,23.08734852012268
GNQ,Equatorial Guinea,2019,7.792809522960133e+18,Equatorial Guinea,10051326714.9325,23.030970474174826
GNQ,Equatorial Guinea,2020,6.584730413334137e+18,Equatorial Guinea,9569759527.14748,22.981873914315784
GNQ,Equatorial Guinea,2021,7.212429336151796e+18,Equatorial Guinea,9652085293.25754,22.99043982151822
GNQ,Equatorial Guinea,2022,7.471932402436382e+18,Equatorial Guinea,9963221065.40967,23.022166256401896
GNQ,Equatorial Guinea,2023,7.144424709930908e+18,Equatorial Guinea,9456161986.86363,22.969932428053912
GNQ,Equatorial Guinea,2024,7.278794552839471e+18,Equatorial Guinea,9541952850.62711,22.978964002781744
GNQ,Equatorial Guinea,2025,7.753122380638191e+18,,,
KEN,Kenya,2018,2.575559263426724e+19,Kenya,80165208728.3956,25.107355451318565
KEN,Kenya,2019,2.575559263426724e+19,Kenya,84264984851.3549,25.15723225210051
KEN,Kenya,2020,2.1494959742526685e+19,Kenya,84035138346.859,25.154500861974043
KEN,Kenya,2021,2.442433329540358e+19,Kenya,90413816676.9795,25.22766293201292
KEN,Kenya,2022,2.4789306428934926e+19,Kenya,94807911027.625,25.27511869238415
KEN,Kenya,2023,2.317311784578514e+19,Kenya,100230916344.516,25.330742524358996
KEN,Kenya,2024,1.9162743840328794e+19,Kenya,104966566488.391,25.376907722003036
KEN,Kenya,2025,2.44313684462702e+19,,,
LBR,Liberia,2018,1.985600806714428e+19,Liberia,3292571599.13518,21.91493473747592
LBR,Liberia,2019,1.985600806714428e+19,Liberia,3211334057.92828,21.88995228212309
LBR,Liberia,2020,1.942663714310441e+19,Liberia,3115556299.79146,21.85967356065398
LBR,Liberia,2021,2.012514624579166e+19,Liberia,3270920145.66908,21.908337172385668
LBR,Liberia,2022,2.0746532988200915e+19,Liberia,3428189426.39464,21.95529809473011
LBR,Liberia,2023,2.304326838209722e+19,Liberia,3588757484.77383,22.00107187501878
LBR,Liberia,2024,2.143031483391549e+19,Liberia,3733092094.5398,22.040502706957565
LBR,Liberia,2025,2.269221097016723e+19,,,
LSO,Lesotho,2018,5.407366802889522e+18,Lesotho,2333058897.5103,21.570446075063657
LSO,Lesotho,2019,5.407366802889522e+18,Lesotho,2299976266.27346,21.556164640816736
LSO,Lesotho,2020,5.524797687772046e+18,Lesotho,2112391171.33041,21.4710863993386
LSO,Lesotho,2021,4.843279728098403e+18,Lesotho,2160272945.18777,21.493500414172143
LSO,Lesotho,2022,5.367309912147491e+18,Lesotho,2211855514.87917,21.517097599702417
LSO,Lesotho,2023,5.181745369889734e+18,Lesotho,2252257815.53386,21.535199023590305
LSO,Lesotho,2024,4.933303892970976e+18,Lesotho,2316549022.3524,21.563344424847177
LSO,Lesotho,2025,5.088215322202422e+18,,,
MDG,Madagascar,2018,2.7113815516325302e+19,Madagascar,12629254472.2012,23.25928174323729
MDG,Madagascar,2019,2.7113815516325302e+19,Madagascar,13186360203.1442,23.30244881435407
MDG,Madagascar,2020,2.2521178331485893e+19,Madagascar,12245161113.1284,23.22839668472649
MDG,Madagascar,2021,2.3025991534316347e+19,Madagascar,12814644792.2069,23.27385447825164
MDG,Madagascar,2022,2.3890126265008e+19,Madagascar,13347233960.4257,23.31457500634943
MDG,Madagascar,2023,2.445025467182426e+19,Madagascar,13908224364.653,23.35574618301921
MDG,Madagascar,2024,2.5268441712544e+19,Madagascar,14492369787.9526,23.39688812634929
MDG,Madagascar,2025,2.522320584152618e+19,,,
MLI,Mali,2018,1.3046011270446948e+19,Mali,18254289663.8519,23.627665939429047
MLI,Mali,2019,1.3046011270446948e+19,Mali,19167003985.6926,23.676456095180267
MLI,Mali,2020,1.2831970299708084e+19,Mali,18942920941.9796,23.664696133615
MLI,Mali,2021,1.4208261983816382e+19,Mali,19530329790.3727,23.695234468040237
MLI,Mali,2022,1.3300545820986495e+19,Mali,20253575064.0318,23.731597161288423
MLI,Mali,2023,1.5280278696965515e+19,Mali,21210639746.3918,23.777768767557127
MLI,Mali,2024,1.426601660834624e+19,Mali,22269531976.235,23.826485302109575
MLI,Mali,2025,1.4648086975431723e+19,,,
MOZ,Mozambique,2018,3.4845297856765678e+19,Mozambique,18025039081.8692,23.615027688318637
MOZ,Mozambique,2019,3.4845297856765678e+19,Mozambique,18442825951.8799,23.63794129451964
MOZ,Mozambique,2020,2.506833368503809e+19,Mozambique,18217911539.7402,23.625671097605697
MOZ,Mozambique,2021,2.9654212001575666e+19,Mozambique,18651030677.5113,23.649167245718942
MOZ,Mozambique,2022,2.807841834546297e+19,Mozambique,19465045724.7404,23.69188616708084
MOZ,Mozambique,2023,2.925822497582212e+19,Mozambique,20532020330.7663,23.745251471843
MOZ,Mozambique,2024,2.884897668275109e+19,Mozambique,20973160980.9212,23.76650940874173
MOZ,Mozambique,2025,2.907094491708554e+19,,,
MRT,Mauritania,2018,9.291548563667e+18,Mauritania,6952885074.44597,22.66242252901053
MRT,Mauritania,2019,9.291548563667e+18,Mauritania,7171275534.84383,22.693349374598277
MRT,Mauritania,2020,8.490593159197641e+18,Mauritania,7145411800.0896,22.689736281389557
MRT,Mauritania,2021,9.07987910575509e+18,Mauritania,7198481880.1079,22.697135990751423
MRT,Mauritania,2022,8.889607375728212e+18,Mauritania,7687691068.95683,22.762886324268628
MRT,Mauritania,2023,9.282351867335664e+18,Mauritania,8211183625.04944,22.828762918722173
MRT,Mauritania,2024,8.887192062054459e+18,Mauritania,8729112418.52009,22.889929531356536
MRT,Mauritania,2025,9.23127487303947e+18,,,
MWI,Malawi,2018,2.7578405137238376e+19,Malawi,10255826273.6659,23.051111797986124
MWI,Malawi,2019,2.7578405137238376e+19,Malawi,10842133933.7208,23.10670567093836
MWI,Malawi,2020,2.0409613422813303e+19,Malawi,10928176721.5316,23.11461031108732
MWI,Malawi,2021,2.138560343626702e+19,Malawi,11426314939.9064,23.1591848603124
MWI,Malawi,2022,2.2639886807048237e+19,Malawi,11531564448.65,23.168353847075032
MWI,Malawi,2023,2.1580020128026358e+19,Malawi,11755940188.7261,23.187624497766944
MWI,Malawi,2024,2.1740717420967125e+19,Malawi,11952668098.8907,23.20422036227617
MWI,Malawi,2025,2.2018177332446757e+19,,,
NAM,Namibia,2018,1.228880778399789e+19,Namibia,11341464002.1253,23.151731227629757
NAM,Namibia,2019,1.228880778399789e+19,Namibia,11246291861.588,23.143304298959475
NAM,Namibia,2020,1.035649634667123e+19,Namibia,10335184546.1643,23.05881988634687
NAM,Namibia,2021,1.020197989689816e+19,Namibia,10707646943.9364,23.09422399081856
NAM,Namibia,2022,1.0700899302339035e+19,Namibia,11285723332.8927,23.14680434200652
NAM,Namibia,2023,1.059767314641094e+19,Namibia,11787126126.6129,23.190273766618272
NAM,Namibia,2024,1.0940727895172194e+19,Namibia,12224610619.8575,23.22671702066369
NAM,Namibia,2025,1.19112857461467e+19,,,
NER,Niger,2018,9.728167490178032e+18,Niger,11527744540.163,23.16802253545388
NER,Niger,2019,9.728167490178032e+18,Niger,12212475570.6373,23.22572385395608
NER,Niger,2020,9.42333813508226e+18,Niger,12646096746.8881,23.260614446948008
NER,Niger,2021,1.0118459497479109e+19,Niger,12821067681.4111,23.274355567452503
NER,Niger,2022,9.989643747204927e+18,Niger,14346774735.5026,23.386790996782544
NER,Niger,2023,1.0817244021901984e+19,Niger,14586026438.1981,23.40332981408038
NER,Niger,2024,1.0244283910819643e+19,Niger,16088387161.4462,23.50136355435881
NER,Niger,2025,1.1109767245598171e+19,,,
NGA,Nigeria,2018,6.579402498895658e+19,Nigeria,498365674277.734,26.93459993021348
NGA,Nigeria,2019,6.579402498895658e+19,Nigeria,509371727735.744,26.95644389684384
NGA,Nigeria,2020,6.880948459002856e+19,Nigeria,476930359891.946,26.89063632114264
NGA,Nigeria,2021,7.448868015425479e+19,Nigeria,482220722020.13,26.90166777568164
NGA,Nigeria,2022,7.463373824627217e+19,Nigeria,503047012794.856,26.94394946747949
NGA,Nigeria,2023,7.759286307828436e+19,Nigeria,519782610025.928,26.97667650346898
NGA,Nigeria,2024,7.454355872605135e+19,Nigeria,540898072115.881,27.016496691602025
NGA,Nigeria,2025,7.536411237383291e+19,,,
RWA,Rwanda,2018,9.04077888579025e+18,Rwanda,10209916254.6891,23.046625266806203
RWA,Rwanda,2019,9.04077888579025e+18,Rwanda,11174486370.4509,23.136899014013984
RWA,Rwanda,2020,6.919079483500377e+18,Rwanda,10797494124.6384,23.102579918658066
RWA,Rwanda,2021,7.903314446540573e+18,Rwanda,11969932683.8627,23.20566373276303
RWA,Rwanda,2022,7.981014203278081e+18,Rwanda,12946823692.9381,23.28411632033061
RWA,Rwanda,2023,8.448174667043862e+18,Rwanda,14014924091.7947,23.363388605336915
RWA,Rwanda,2024,6.879256556561932e+18,Rwanda,15260942682.7546,23.448562635649303
RWA,Rwanda,2025,8.339128231238563e+18,,,
SDN,Sudan,2018,4.131643692387199e+19,Sudan,52455031754.9093,24.683222101503983
SDN,Sudan,2019,4.131643692387199e+19,Sudan,51312429477.3951,24.661198849783357
SDN,Sudan,2020,3.857854561452355e+19,Sudan,49449890489.355,24.62422568043948
SDN,Sudan,2021,4.197041481056272e+19,Sudan,48525909156.8784,24.605363701670967
SDN,Sudan,2022,3.9809821480849e+19,Sudan,48061119947.9824,24.595739370103956
SDN,Sudan,2023,4.05723391748734e+19,Sudan,33915159867.9417,24.247127945116087
SDN,Sudan,2024,3.579685524031035e+19,Sudan,29179132473.6304,24.096719649428792
SDN,Sudan,2025,3.745848430660418e+19,,,
SEN,Senegal,2018,1.503329493788498e+19,Senegal,21565674310.7132,23.7943687353129
SEN,Senegal,2019,1.503329493788498e+19,Senegal,22560634320.127,23.839472380207894
SEN,Senegal,2020,1.4835439379088108e+19,Senegal,22863414676.2849,23.852803857573765
SEN,Senegal,2021,1.527147910047635e+19,Senegal,24359596784.117,23.916191727274967
SEN,Senegal,2022,1.545345431633141e+19,Senegal,25297546478.5042,23.95397325084308
SEN,Senegal,2023,1.7098734256787943e+19,Senegal,26374572022.2227,23.995666201965403
SEN,Senegal,2024,1.6399926723103242e+19,Senegal,27973016519.3217,24.05450618672982
SEN,Senegal,2025,1.5134799933137248e+19,,,
SLE,Sierra Leone,2018,7.391487375781738e+18,Sierra Leone,7672926606.69678,22.76096394495828
SLE,Sierra Leone,2019,7.391487375781738e+18,Sierra Leone,8095145458.32686,22.814530392824626
SLE,Sierra Leone,2020,9.136098888504884e+18,Sierra Leone,7993685031.06354,22.80191769579176
SLE,Sierra Leone,2021,9.118558458837656e+18,Sierra Leone,8465060863.02376,22.85921304246712
SLE,Sierra Leone,2022,9.770925042747222e+18,Sierra Leone,8914856495.10508,22.910984991116266
SLE,Sierra Leone,2023,1.0952777574424097e+19,Sierra Leone,9423896753.16695,22.96651450806207
SLE,Sierra Leone,2024,1.0591854447736875e+19,Sierra Leone,9828485690.6466,23.008550709456973
SLE,Sierra Leone,2025,1.0904182027849402e+19,,,
SOM,Somalia,2018,4.579719938600498e+18,"Somalia, Fed. Rep.",7710498420.37301,22.76584866839497
SOM,Somalia,2019,4.579719938600498e+18,"Somalia, Fed. Rep.",7926418061.75135,22.79346707593952
SOM,Somalia,2020,4.485034334520826e+18,"Somalia, Fed. Rep.",7707287719.38597,22.765432175261083
SOM,Somalia,2021,4.617620076284029e+18,"Somalia, Fed. Rep.",7972973226.06341,22.799323312385557
SOM,Somalia,2022,4.815243098452208e+18,"Somalia, Fed. Rep.",8189695542.68851,22.8261425598455
SOM,Somalia,2023,4.560145041336926e+18,"Somalia, Fed. Rep.",8531635197.80811,22.86704687970378
SOM,Somalia,2024,4.652751434125378e+18,"Somalia, Fed. Rep.",8882404280.64207,22.90733810962825
SOM,Somalia,2025,5.133119078442932e+18,,,
SSD,South Sudan,2018,1.3176759636930546e+19,,,
SSD,South Sudan,2019,1.3176759636930546e+19,,,
SSD,South Sudan,2020,1.0425668862001035e+19,,,
SSD,South Sudan,2021,1.1974845693098762e+19,,,
SSD,South Sudan,2022,9.77126577932139e+18,,,
SSD,South Sudan,2023,1.17606147376026e+19,,,
SSD,South Sudan,2024,1.181988464797361e+19,,,
SSD,South Sudan,2025,1.2289925462960925e+19,,,
STP,Sao Tome and Principe,2018,5.459100242251174e+18,Sao Tome and Principe,297171520.830854,19.509820041286545
STP,Sao Tome and Principe,2019,5.459100242251174e+18,Sao Tome and Principe,303157496.465873,19.529763018745864
STP,Sao Tome and Principe,2020,4.665194225515929e+18,Sao Tome and Principe,311114954.79799,19.555673031422856
STP,Sao Tome and Principe,2021,5.687281769350876e+18,Sao Tome and Principe,317023957.753826,19.574487905496287
STP,Sao Tome and Principe,2022,5.724837497774065e+18,Sao Tome and Principe,317558772.390522,19.576173469057707
STP,Sao Tome and Principe,2023,5.209175696767207e+18,Sao Tome and Principe,318740893.733006,19.579889085348054
STP,Sao Tome and Principe,2024,5.660705756004399e+18,Sao Tome and Principe,322247041.654835,19.590829019461637
STP,Sao Tome and Principe,2025,5.639103118585794e+18,,,
TCD,Chad,2018,3.887753141275575e+19,Chad,14522052213.2592,23.39893417335725
TCD,Chad,2019,3.887753141275575e+19,Chad,15303748438.8629,23.451363631342293
TCD,Chad,2020,3.6624195469145264e+19,Chad,15243505756.0454,23.44741939723649
TCD,Chad,2021,3.765972583451663e+19,Chad,15288236703.0071,23.450349526692776
TCD,Chad,2022,3.5503366111159902e+19,Chad,15919594857.6964,23.490816568401662
TCD,Chad,2023,4.042971031039357e+19,Chad,16553201687.3505,23.529845375488428
TCD,Chad,2024,3.792771529480104e+19,Chad,17248313422.9922,23.570980203063566
TCD,Chad,2025,4.093525699459941e+19,,,
TGO,Togo,2018,1.051862281879776e+19,Togo,6537585941.16754,22.600833812127533
TGO,Togo,2019,1.051862281879776e+19,Togo,6859420393.24743,22.6488887843344
TGO,Togo,2020,1.014027647493511e+19,Togo,7007740719.48155,22.670281192105197
TGO,Togo,2021,1.065883306970918e+19,Togo,7367160812.92227,22.720298233229567
TGO,Togo,2022,1.098068117503379e+19,Togo,7830882103.10093,22.7813409974494
TGO,Togo,2023,1.149212766901476e+19,Togo,8315779388.69167,22.841420678053936
TGO,Togo,2024,1.0606009162767714e+19,Togo,8858969845.08846,22.904696324497444
TGO,Togo,2025,1.1582825733420982e+19,,,
TZA,Tanzania,2018,1.2693492260462234e+19,Tanzania,57054358529.8857,24.76727030875672
TZA,Tanzania,2019,1.2693492260462234e+19,Tanzania,60363511324.6004,24.823650642192515
TZA,Tanzania,2020,1.0800091233878512e+19,Tanzania,61565931105.4141,24.84337448801766
TZA,Tanzania,2021,1.1158262744845464e+19,Tanzania,64226431583.1539,24.885680669817003
TZA,Tanzania,2022,1.1751044558544044e+19,Tanzania,67159014151.451,24.93032898994514
TZA,Tanzania,2023,1.1593979191232983e+19,Tanzania,70563656177.7408,24.979781063880477
TZA,Tanzania,2024,1.102724155166074e+19,Tanzania,74463225268.4644,25.033571219903667
TZA,Tanzania,2025,1.2011491990825783e+19,,,
UGA,Uganda,2018,1.0517632007695587e+19,Uganda,37204541496.6985,24.339696674018544
UGA,Uganda,2019,1.0517632007695587e+19,Uganda,39600047064.28,24.40209614369806
UGA,Uganda,2020,9.813962573423774e+18,Uganda,40768765796.4748,24.43118208097388
UGA,Uganda,2021,1.1510074577969676e+19,Uganda,42210585952.7826,24.46593687849196
UGA,Uganda,2022,1.1099662050019504e+19,Uganda,44147216889.624,24.510795724401817
UGA,Uganda,2023,1.1163137541555554e+19,Uganda,46503341915.459,24.562790016106916
UGA,Uganda,2024,9.526173933533057e+18,Uganda,49319389340.67,24.62158313358987
UGA,Uganda,2025,1.2350825131108395e+19,,,
ZAF,South Africa,2018,6.575240055427821e+19,South Africa,358551560868.533,26.605338310545488
ZAF,South Africa,2019,6.575240055427821e+19,South Africa,359483563936.676,26.60793429383197
ZAF,South Africa,2020,6.666863003358016e+19,South Africa,337307318679.639,26.544260276613304
ZAF,South Africa,2021,6.490616780495286e+19,South Africa,353695896167.047,26.591703330509382
ZAF,South Africa,2022,6.681548154050776e+19,South Africa,360975440918.611,26.61207576226873
ZAF,South Africa,2023,6.175175616062295e+19,South Africa,363885280375.697,26.62010449110557
ZAF,South Africa,2024,6.297619855364794e+19,South Africa,365831497261.341,26.625438674339428
ZAF,South Africa,2025,6.5733363696499065e+19,,,
ZMB,Zambia,2018,3.973793416115328e+19,Zambia,23747586257.2512,23.89074673098862
ZMB,Zambia,2019,3.973793416115328e+19,Zambia,24089861649.0155,23.905056910468925
ZMB,Zambia,2020,2.824626686865843e+19,Zambia,23418945736.8993,23.87681117859888
ZMB,Zambia,2021,2.9324748248243417e+19,Zambia,24879098747.8861,23.937293880201725
ZMB,Zambia,2022,3.2284647262557258e+19,Zambia,26175604214.1895,23.988093677073245
ZMB,Zambia,2023,3.18463134660504e+19,Zambia,27580695690.34,24.04038193344376
ZMB,Zambia,2024,3.149127037896868e+19,Zambia,28634291574.827,24.07787084265128
ZMB,Zambia,2025,3.376873026186368e+19,,,
ZWE,Zimbabwe,2018,5.118300139575046e+19,Zimbabwe,22132908952.043,23.82033143072339
ZWE,Zimbabwe,2019,5.118300139575046e+19,Zimbabwe,20731353612.1651,23.754913058520653
ZWE,Zimbabwe,2020,3.5131862692498457e+19,Zimbabwe,19110793941.1996,23.673519140185903
ZWE,Zimbabwe,2021,4.009092072063989e+19,Zimbabwe,20729099176.6536,23.754804307392188
ZWE,Zimbabwe,2022,4.48918936783263e+19,Zimbabwe,22001713149.7897,23.81438615771797
ZWE,Zimbabwe,2023,4.467489345656934e+19,Zimbabwe,23178995952.2035,23.86651235865688
ZWE,Zimbabwe,2024,4.222750361741143e+19,Zimbabwe,23582865676.3961,23.88378625462889
ZWE,Zimbabwe,2025,4.667914792731661e+19,,,
